Point_Number,X_GaussKruger,Y_GaussKruger
1,4385144.57,4628411
2,4385144.57,4628323.03
3,4385104.17,4628235.06
4,4385104.17,4628147.09
5,4385104.17,4628059.11
6,4385063.77,4627971.14
7,4385063.77,4627883.17
8,4385063.77,4627795.2
9,4385023.37,4627707.23
10,4385023.37,4627619.26
11,4385023.37,4627531.29
12,4385023.37,4627443.31
13,4384982.97,4627355.34
14,4384982.97,4627267.37
15,4384982.97,4627179.4
16,4384942.57,4627091.43
17,4384902.17,4627003.46
18,4384861.77,4626915.49
19,4384861.77,4626827.52
20,4384821.37,4626739.54
21,4384821.37,4626651.57
22,4384821.37,4626563.6
23,4384821.37,4626475.63
24,4384780.97,4626387.66
25,4384740.57,4626387.66
26,4384700.17,4626299.69
27,4384659.77,4626299.69
28,4384619.37,4626211.72
29,4384578.97,4626211.72
30,4384538.57,4626211.72
31,4384498.17,4626211.72
32,4384457.77,4626123.74
33,4384417.37,4626123.74
34,4384376.97,4626123.74
35,4384336.58,4626123.74
36,4384296.18,4626123.74
37,4384255.78,4626123.74
38,4384215.38,4626123.74
39,4384174.98,4626123.74
40,4384134.58,4626123.74
41,4384094.18,4626123.74
42,4384053.78,4626123.74
43,4384013.38,4626123.74
44,4383972.98,4626211.72
45,4383932.58,4626123.74
46,4383892.18,4626123.74
47,4383851.78,4626211.72
48,4383811.38,4626211.72
49,4383770.98,4626211.72
50,4383730.58,4626211.72
51,4383690.18,4626211.72
52,4383649.78,4626211.72
53,4383609.38,4626211.72
54,4383568.98,4626211.72
55,4383528.58,4626211.72
56,4383488.18,4626211.72
57,4383447.78,4626211.72
58,4383407.38,4626211.72
59,4383366.98,4626211.72
60,4383326.58,4626211.72
61,4383286.19,4626211.72
62,4383245.79,4626211.72
63,4383205.39,4626211.72
64,4383164.99,4626211.72
65,4383124.59,4626123.74
66,4383084.19,4626123.74
67,4383043.79,4626123.74
68,4383003.39,4626123.74
69,4382962.99,4626035.77
70,4382922.59,4625947.8
71,4382882.19,4625859.83
72,4382882.19,4625771.86
73,4382841.79,4625683.89
74,4382801.39,4625683.89
75,4382801.39,4625595.92
76,4382801.39,4625507.94
77,4382760.99,4625419.97
78,4382760.99,4625332
79,4382720.59,4625244.03
80,4382680.19,4625244.03
81,4382639.79,4625156.06
82,4382639.79,4625068.09
83,4382639.79,4624980.12
84,4382639.79,4624892.14
85,4382639.79,4624804.17
86,4382639.79,4624716.2
87,4382639.79,4624628.23
88,4382680.19,4624628.23
89,4382720.59,4624628.23
90,4382760.99,4624628.23
91,4382801.39,4624628.23
92,4382841.79,4624540.26
93,4382801.39,4624452.29
94,4382801.39,4624364.32
95,4382801.39,4624276.35
96,4382801.39,4624188.37
97,4382841.79,4624100.4
98,4382882.19,4624012.43
99,4382922.59,4624012.43
100,4382962.99,4623924.46
101,4383003.39,4623924.46
102,4383043.79,4623836.49
103,4383043.79,4623748.52
104,4383084.19,4623660.55
105,4383084.19,4623572.57
106,4383124.59,4623572.57
107,4383164.99,4623484.6
108,4383205.39,4623396.63
109,4383205.39,4623308.66
110,4383205.39,4623220.69
111,4383245.79,4623132.72
112,4383245.79,4623044.75
113,4383286.19,4622956.77
114,4383326.58,4622868.8
115,4383326.58,4622780.83
116,4383286.19,4622692.86
117,4383326.58,4622692.86
118,4383366.98,4622604.89
119,4383407.38,4622516.92
120,4383447.78,4622428.95
121,4383488.18,4622340.97
122,4383488.18,4622253
123,4383528.58,4622165.03
124,4383528.58,4622077.06
125,4383528.58,4621989.09
126,4383568.98,4621989.09
127,4383609.38,4621901.12
128,4383649.78,4621813.15
129,4383649.78,4621725.18
130,4383690.18,4621637.2
131,4383730.58,4621637.2
132,4383770.98,4621549.23
133,4383770.98,4621461.26
134,4383811.38,4621461.26
135,4383851.78,4621373.29
136,4383811.38,4621285.32
137,4383770.98,4621285.32
138,4383730.58,4621285.32
139,4383690.18,4621197.35
140,4383690.18,4621109.38
141,4383690.18,4621021.4
142,4383730.58,4620933.43
143,4383770.98,4620845.46
144,4383811.38,4620757.49
145,4383770.98,4620669.52
146,4383811.38,4620581.55
147,4383811.38,4620493.58
148,4383811.38,4620405.6
149,4383811.38,4620317.63
150,4383811.38,4620229.66
151,4383811.38,4620141.69
152,4383770.98,4620053.72
153,4383770.98,4619965.75
154,4383770.98,4619877.78
155,4383770.98,4619789.8
156,4383770.98,4619701.83
157,4383770.98,4619613.86
158,4383770.98,4619525.89
159,4383770.98,4619437.92
160,4383770.98,4619349.95
161,4383730.58,4619261.98
162,4383690.18,4619174.01
163,4383649.78,4619086.03
164,4383690.18,4618998.06
165,4383690.18,4618910.09
166,4383690.18,4618822.12
167,4383649.78,4618734.15
168,4383609.38,4618646.18
169,4383609.38,4618558.21
170,4383568.98,4618470.23
171,4383609.38,4618382.26
172,4383609.38,4618294.29
173,4383609.38,4618206.32
174,4383568.98,4618118.35
175,4383528.58,4618118.35
176,4383488.18,4618118.35
177,4383528.58,4618030.38
178,4383488.18,4617942.41
179,4383447.78,4617854.43
180,4383407.38,4617854.43
181,4383407.38,4617766.46
182,4383366.98,4617678.49
183,4383366.98,4617590.52
184,4383366.98,4617502.55
185,4383366.98,4617414.58
186,4383326.58,4617326.61
187,4383286.19,4617238.63
188,4383286.19,4617150.66
189,4383245.79,4617062.69
190,4383286.19,4616974.72
191,4383245.79,4616886.75
192,4383205.39,4616886.75
193,4383205.39,4616798.78
194,4383164.99,4616710.81
195,4383124.59,4616710.81
196,4383084.19,4616622.84
197,4383124.59,4616534.86
198,4383084.19,4616446.89
199,4383043.79,4616358.92
200,4383003.39,4616358.92
201,4382962.99,4616270.95
202,4382922.59,4616182.98
203,4382882.19,4616182.98
204,4382841.79,4616182.98
205,4382801.39,4616182.98
206,4382801.39,4616095.01
207,4382760.99,4616007.04
208,4382760.99,4615919.06
209,4382720.59,4615831.09
210,4382680.19,4615919.06
211,4382639.79,4615831.09
212,4382599.39,4615743.12
213,4382558.99,4615743.12
214,4382518.59,4615655.15
215,4382478.19,4615655.15
216,4382478.19,4615567.18
217,4382478.19,4615479.21
218,4382437.79,4615391.24
219,4382397.39,4615303.26
220,4382356.99,4615303.26
221,4382316.59,4615215.29
222,4382316.59,4615127.32
223,4382276.19,4615039.35
224,4382276.19,4614951.38
225,4382316.59,4614951.38
226,4382356.99,4614863.41
227,4382316.59,4614775.44
228,4382356.99,4614687.46
229,4382356.99,4614599.49
230,4382397.39,4614599.49
231,4382437.79,4614599.49
232,4382478.19,4614599.49
233,4382518.59,4614599.49
234,4382558.99,4614511.52
235,4382558.99,4614423.55
236,4382558.99,4614335.58
237,4382558.99,4614247.61
238,4382518.59,4614159.64
239,4382478.19,4614159.64
240,4382518.59,4614071.66
241,4382558.99,4613983.69
242,4382599.39,4614071.66
243,4382639.79,4614071.66
244,4382680.19,4614071.66
245,4382720.59,4614071.66
246,4382760.99,4613983.69
247,4382801.39,4613983.69
248,4382841.79,4613983.69
249,4382882.19,4614071.66
250,4382922.59,4614071.66
251,4382922.59,4614159.64
252,4382962.99,4614247.61
253,4383003.39,4614159.64
254,4383043.79,4614071.66
255,4383084.19,4614071.66
256,4383124.59,4613983.69
257,4383164.99,4614071.66
258,4383205.39,4613983.69
259,4383245.79,4613983.69
260,4383286.19,4613895.72
261,4383326.58,4613895.72
262,4383366.98,4613895.72
263,4383407.38,4613807.75
264,4383447.78,4613895.72
265,4383488.18,4613895.72
266,4383528.58,4613807.75
267,4383568.98,4613807.75
268,4383609.38,4613895.72
269,4383649.78,4613807.75
270,4383690.18,4613895.72
271,4383730.58,4613895.72
272,4383770.98,4613895.72
273,4383811.38,4613895.72
274,4383851.78,4613895.72
275,4383892.18,4613983.69
276,4383932.58,4613895.72
277,4383972.98,4613807.75
278,4384013.38,4613719.78
279,4384053.78,4613631.81
280,4384094.18,4613631.81
281,4384134.58,4613543.84
282,4384174.98,4613631.81
283,4384215.38,4613631.81
284,4384255.78,4613719.78
285,4384296.18,4613631.81
286,4384296.18,4613543.84
287,4384336.58,4613543.84
288,4384376.97,4613455.87
289,4384417.37,4613455.87
290,4384457.77,4613455.87
291,4384498.17,4613455.87
292,4384538.57,4613455.87
293,4384578.97,4613543.84
294,4384619.37,4613543.84
295,4384659.77,4613543.84
296,4384700.17,4613543.84
297,4384740.57,4613543.84
298,4384780.97,4613455.87
299,4384821.37,4613367.89
300,4384861.77,4613279.92
301,4384902.17,4613191.95
302,4384861.77,4613103.98
303,4384821.37,4613103.98
304,4384780.97,4613191.95
305,4384740.57,4613103.98
306,4384700.17,4613191.95
307,4384659.77,4613103.98
308,4384619.37,4613016.01
309,4384619.37,4612928.04
310,4384578.97,4612840.07
311,4384619.37,4612752.09
312,4384659.77,4612752.09
313,4384700.17,4612664.12
314,4384740.57,4612752.09
315,4384780.97,4612664.12
316,4384821.37,4612752.09
317,4384861.77,4612752.09
318,4384902.17,4612664.12
319,4384942.57,4612664.12
320,4384982.97,4612664.12
321,4385023.37,4612664.12
322,4385063.77,4612576.15
323,4385104.17,4612488.18
324,4385104.17,4612400.21
325,4385104.17,4612312.24
326,4385144.57,4612224.27
327,4385144.57,4612136.29
328,4385184.97,4612048.32
329,4385184.97,4611960.35
330,4385225.37,4611872.38
331,4385265.77,4611784.41
332,4385306.17,4611696.44
333,4385265.77,4611608.47
334,4385265.77,4611520.49
335,4385225.37,4611432.52
336,4385184.97,4611344.55
337,4385144.57,4611256.58
338,4385144.57,4611168.61
339,4385104.17,4611080.64
340,4385063.77,4610992.67
341,4385063.77,4610904.7
342,4385023.37,4610816.72
343,4384982.97,4610728.75
344,4384942.57,4610640.78
345,4384902.17,4610552.81
346,4384902.17,4610464.84
347,4384902.17,4610376.87
348,4384902.17,4610288.9
349,4384861.77,4610200.92
350,4384861.77,4610112.95
351,4384861.77,4610024.98
352,4384902.17,4609937.01
353,4384902.17,4609849.04
354,4384942.57,4609761.07
355,4384982.97,4609761.07
356,4385023.37,4609761.07
357,4385063.77,4609673.1
358,4385104.17,4609585.12
359,4385104.17,4609497.15
360,4385063.77,4609409.18
361,4385023.37,4609409.18
362,4384982.97,4609321.21
363,4384942.57,4609233.24
364,4384902.17,4609321.21
365,4384861.77,4609233.24
366,4384861.77,4609145.27
367,4384861.77,4609057.3
368,4384861.77,4608969.32
369,4384821.37,4608881.35
370,4384821.37,4608793.38
371,4384821.37,4608705.41
372,4384780.97,4608617.44
373,4384740.57,4608529.47
374,4384700.17,4608441.5
375,4384659.77,4608441.5
376,4384619.37,4608441.5
377,4384578.97,4608529.47
378,4384578.97,4608617.44
379,4384578.97,4608705.41
380,4384619.37,4608793.38
381,4384659.77,4608793.38
382,4384619.37,4608881.35
383,4384659.77,4608969.32
384,4384619.37,4609057.3
385,4384659.77,4609145.27
386,4384659.77,4609233.24
387,4384659.77,4609321.21
388,4384619.37,4609409.18
389,4384659.77,4609497.15
390,4384619.37,4609585.12
391,4384619.37,4609673.1
392,4384619.37,4609761.07
393,4384619.37,4609849.04
394,4384619.37,4609937.01
395,4384659.77,4610024.98
396,4384619.37,4610112.95
397,4384578.97,4610112.95
398,4384538.57,4610200.92
399,4384538.57,4610288.9
400,4384578.97,4610376.87
401,4384538.57,4610464.84
402,4384538.57,4610552.81
403,4384578.97,4610640.78
404,4384538.57,4610728.75
405,4384538.57,4610816.72
406,4384498.17,4610904.7
407,4384457.77,4610992.67
408,4384417.37,4610992.67
409,4384376.97,4610992.67
410,4384336.58,4610992.67
411,4384296.18,4610992.67
412,4384255.78,4610992.67
413,4384215.38,4611080.64
414,4384174.98,4611080.64
415,4384134.58,4611168.61
416,4384094.18,4611168.61
417,4384053.78,4611168.61
418,4384013.38,4611256.58
419,4383972.98,4611168.61
420,4383972.98,4611080.64
421,4383972.98,4610992.67
422,4383972.98,4610904.7
423,4383972.98,4610816.72
424,4383972.98,4610728.75
425,4383972.98,4610640.78
426,4383972.98,4610552.81
427,4383972.98,4610464.84
428,4383972.98,4610376.87
429,4383932.58,4610288.9
430,4383892.18,4610200.92
431,4383932.58,4610112.95
432,4383932.58,4610024.98
433,4383892.18,4609937.01
434,4383892.18,4609849.04
435,4383851.78,4609761.07
436,4383851.78,4609673.1
437,4383851.78,4609585.12
438,4383811.38,4609497.15
439,4383811.38,4609409.18
440,4383770.98,4609321.21
441,4383730.58,4609233.24
442,4383730.58,4609145.27
443,4383690.18,4609057.3
444,4383649.78,4608969.32
445,4383609.38,4608881.35
446,4383568.98,4608793.38
447,4383528.58,4608705.41
448,4383528.58,4608617.44
449,4383488.18,4608529.47
450,4383447.78,4608441.5
451,4383407.38,4608441.5
452,4383366.98,4608353.53
453,4383326.58,4608265.55
454,4383286.19,4608265.55
455,4383245.79,4608177.58
456,4383205.39,4608089.61
457,4383164.99,4608089.61
458,4383124.59,4608001.64
459,4383084.19,4608001.64
460,4383043.79,4607913.67
461,4383003.39,4607913.67
462,4382962.99,4607825.7
463,4382922.59,4607913.67
464,4382922.59,4607825.7
465,4382882.19,4607737.73
466,4382841.79,4607737.73
467,4382801.39,4607649.75
468,4382760.99,4607649.75
469,4382720.59,4607649.75
470,4382680.19,4607649.75
471,4382639.79,4607561.78
472,4382599.39,4607561.78
473,4382558.99,4607561.78
474,4382518.59,4607561.78
475,4382478.19,4607561.78
476,4382437.79,4607473.81
477,4382397.39,4607385.84
478,4382356.99,4607385.84
479,4382316.59,4607385.84
480,4382276.19,4607385.84
481,4382235.8,4607297.87
482,4382195.4,4607297.87
483,4382155,4607297.87
484,4382114.6,4607297.87
485,4382074.2,4607297.87
486,4382033.8,4607297.87
487,4381993.4,4607209.9
488,4381953,4607297.87
489,4381953,4607209.9
490,4381912.6,4607121.93
491,4381872.2,4607209.9
492,4381872.2,4607121.93
493,4381831.8,4607033.95
494,4381791.4,4607033.95
495,4381751,4607033.95
496,4381751,4606945.98
497,4381751,4606858.01
498,4381751,4606770.04
499,4381751,4606682.07
500,4381751,4606594.1
501,4381751,4606506.13
502,4381751,4606418.15
503,4381751,4606330.18
504,4381791.4,4606242.21
505,4381831.8,4606330.18
506,4381872.2,4606330.18
507,4381912.6,4606242.21
508,4381953,4606242.21
509,4381993.4,4606242.21
510,4382033.8,4606154.24
511,4382074.2,4606154.24
512,4382114.6,4606154.24
513,4382155,4606154.24
514,4382195.4,4606154.24
515,4382235.8,4606066.27
516,4382276.19,4606066.27
517,4382316.59,4606066.27
518,4382356.99,4606066.27
519,4382397.39,4605978.3
520,4382437.79,4605978.3
521,4382478.19,4605890.33
522,4382518.59,4605890.33
523,4382558.99,4605890.33
524,4382599.39,4605890.33
525,4382639.79,4605802.36
526,4382680.19,4605802.36
527,4382720.59,4605714.38
528,4382760.99,4605714.38
529,4382801.39,4605714.38
530,4382841.79,4605626.41
531,4382882.19,4605626.41
532,4382922.59,4605538.44
533,4382962.99,4605626.41
534,4383003.39,4605626.41
535,4383043.79,4605538.44
536,4383084.19,4605450.47
537,4383124.59,4605450.47
538,4383164.99,4605450.47
539,4383205.39,4605450.47
540,4383245.79,4605362.5
541,4383286.19,4605362.5
542,4383326.58,4605362.5
543,4383366.98,4605362.5
544,4383407.38,4605274.53
545,4383447.78,4605274.53
546,4383488.18,4605186.56
547,4383528.58,4605098.58
548,4383568.98,4605010.61
549,4383609.38,4605010.61
550,4383649.78,4605010.61
551,4383690.18,4604922.64
552,4383730.58,4604922.64
553,4383770.98,4604834.67
554,4383811.38,4604746.7
555,4383851.78,4604746.7
556,4383892.18,4604658.73
557,4383932.58,4604570.76
558,4383972.98,4604570.76
559,4384013.38,4604482.78
560,4384053.78,4604394.81
561,4384053.78,4604306.84
562,4384094.18,4604218.87
563,4384134.58,4604218.87
564,4384174.98,4604130.9
565,4384215.38,4604042.93
566,4384215.38,4603954.96
567,4384255.78,4604042.93
568,4384296.18,4603954.96
569,4384336.58,4603866.98
570,4384376.97,4603779.01
571,4384376.97,4603691.04
572,4384417.37,4603691.04
573,4384457.77,4603603.07
574,4384498.17,4603515.1
575,4384498.17,4603427.13
576,4384538.57,4603427.13
577,4384578.97,4603339.16
578,4384619.37,4603251.19
579,4384659.77,4603251.19
580,4384700.17,4603163.21
581,4384740.57,4603075.24
582,4384780.97,4603075.24
583,4384821.37,4603075.24
584,4384861.77,4602987.27
585,4384902.17,4602987.27
586,4384942.57,4602987.27
587,4384982.97,4602899.3
588,4385023.37,4602987.27
589,4385063.77,4602987.27
590,4385104.17,4602899.3
591,4385144.57,4602899.3
592,4385184.97,4602899.3
593,4385225.37,4602899.3
594,4385265.77,4602811.33
595,4385306.17,4602723.36
596,4385346.57,4602635.39
597,4385306.17,4602547.41
598,4385306.17,4602459.44
599,4385306.17,4602371.47
600,4385265.77,4602283.5
601,4385225.37,4602195.53
602,4385225.37,4602107.56
603,4385225.37,4602019.59
604,4385265.77,4601931.61
605,4385306.17,4601843.64
606,4385346.57,4601843.64
607,4385386.96,4601755.67
608,4385427.36,4601667.7
609,4385467.76,4601667.7
610,4385508.16,4601667.7
611,4385548.56,4601667.7
612,4385588.96,4601667.7
613,4385629.36,4601579.73
614,4385669.76,4601579.73
615,4385710.16,4601579.73
616,4385750.56,4601579.73
617,4385790.96,4601491.76
618,4385790.96,4601403.79
619,4385831.36,4601491.76
620,4385871.76,4601403.79
621,4385912.16,4601403.79
622,4385952.56,4601403.79
623,4385992.96,4601315.81
624,4386033.36,4601315.81
625,4386073.76,4601227.84
626,4386114.16,4601227.84
627,4386154.56,4601227.84
628,4386194.96,4601139.87
629,4386235.36,4601051.9
630,4386275.76,4600963.93
631,4386275.76,4600875.96
632,4386235.36,4600787.99
633,4386194.96,4600787.99
634,4386154.56,4600700.02
635,4386114.16,4600700.02
636,4386154.56,4600612.04
637,4386114.16,4600524.07
638,4386114.16,4600436.1
639,4386114.16,4600348.13
640,4386114.16,4600260.16
641,4386114.16,4600172.19
642,4386114.16,4600084.22
643,4386154.56,4599996.24
644,4386154.56,4599908.27
645,4386194.96,4599820.3
646,4386235.36,4599732.33
647,4386275.76,4599644.36
648,4386275.76,4599556.39
649,4386316.16,4599468.42
650,4386356.56,4599380.44
651,4386396.96,4599292.47
652,4386437.35,4599204.5
653,4386396.96,4599116.53
654,4386437.35,4599028.56
655,4386477.75,4599116.53
656,4386518.15,4599028.56
657,4386518.15,4598940.59
658,4386558.55,4598852.62
659,4386598.95,4598852.62
660,4386639.35,4598764.64
661,4386598.95,4598676.67
662,4386639.35,4598676.67
663,4386679.75,4598588.7
664,4386720.15,4598588.7
665,4386760.55,4598500.73
666,4386760.55,4598412.76
667,4386800.95,4598412.76
668,4386841.35,4598324.79
669,4386841.35,4598236.82
670,4386841.35,4598148.85
671,4386881.75,4598060.87
672,4386922.15,4597972.9
673,4386922.15,4597884.93
674,4386962.55,4597796.96
675,4386962.55,4597708.99
676,4387002.95,4597708.99
677,4387043.35,4597708.99
678,4387083.75,4597621.02
679,4387083.75,4597533.05
680,4387124.15,4597445.07
681,4387124.15,4597357.1
682,4387164.55,4597269.13
683,4387204.95,4597269.13
684,4387245.35,4597181.16
685,4387245.35,4597093.19
686,4387204.95,4597005.22
687,4387245.35,4597005.22
688,4387285.75,4597005.22
689,4387326.15,4596917.25
690,4387326.15,4596829.27
691,4387326.15,4596741.3
692,4387366.55,4596653.33
693,4387406.95,4596653.33
694,4387447.35,4596565.36
695,4387487.74,4596477.39
696,4387487.74,4596389.42
697,4387528.14,4596301.45
698,4387568.54,4596213.47
699,4387608.94,4596125.5
700,4387649.34,4596037.53
701,4387649.34,4595949.56
702,4387689.74,4595861.59
703,4387730.14,4595773.62
704,4387770.54,4595685.65
705,4387810.94,4595597.68
706,4387851.34,4595509.7
707,4387891.74,4595421.73
708,4387891.74,4595333.76
709,4387932.14,4595245.79
710,4387932.14,4595157.82
711,4387972.54,4595069.85
712,4388012.94,4594981.88
713,4388053.34,4594893.9
714,4388093.74,4594893.9
715,4388134.14,4594805.93
716,4388134.14,4594717.96
717,4388134.14,4594629.99
718,4388174.54,4594629.99
719,4388214.94,4594542.02
720,4388255.34,4594454.05
721,4388295.74,4594366.08
722,4388295.74,4594278.1
723,4388336.14,4594278.1
724,4388376.54,4594190.13
725,4388416.94,4594102.16
726,4388457.34,4594014.19
727,4388497.73,4593926.22
728,4388497.73,4593838.25
729,4388538.13,4593838.25
730,4388578.53,4593750.28
731,4388618.93,4593662.3
732,4388659.33,4593574.33
733,4388699.73,4593486.36
734,4388740.13,4593486.36
735,4388780.53,4593398.39
736,4388780.53,4593310.42
737,4388820.93,4593310.42
738,4388861.33,4593222.45
739,4388861.33,4593134.48
740,4388901.73,4593046.51
741,4388942.13,4592958.53
742,4388982.53,4592958.53
743,4389022.93,4592870.56
744,4388982.53,4592782.59
745,4389022.93,4592694.62
746,4389063.33,4592782.59
747,4389103.73,4592694.62
748,4389103.73,4592606.65
749,4389144.13,4592606.65
750,4389184.53,4592518.68
751,4389184.53,4592430.71
752,4389224.93,4592342.73
753,4389265.33,4592254.76
754,4389305.73,4592166.79
755,4389346.13,4592078.82
756,4389386.53,4591990.85
757,4389426.93,4591902.88
758,4389386.53,4591814.91
759,4389426.93,4591726.93
760,4389467.33,4591638.96
761,4389467.33,4591550.99
762,4389507.73,4591550.99
763,4389548.12,4591550.99
764,4389588.52,4591463.02
765,4389588.52,4591375.05
766,4389628.92,4591287.08
767,4389628.92,4591199.11
768,4389669.32,4591111.13
769,4389669.32,4591023.16
770,4389709.72,4590935.19
771,4389750.12,4590847.22
772,4389750.12,4590759.25
773,4389790.52,4590671.28
774,4389790.52,4590583.31
775,4389830.92,4590495.34
776,4389830.92,4590407.36
777,4389830.92,4590319.39
778,4389871.32,4590231.42
779,4389871.32,4590143.45
780,4389911.72,4590055.48
781,4389911.72,4589967.51
782,4389952.12,4589879.54
783,4389952.12,4589791.56
784,4389952.12,4589703.59
785,4389952.12,4589615.62
786,4389911.72,4589527.65
787,4389952.12,4589439.68
788,4389952.12,4589351.71
789,4389952.12,4589263.74
790,4389952.12,4589175.76
791,4389952.12,4589087.79
792,4389992.52,4588999.82
793,4389952.12,4588911.85
794,4389992.52,4588823.88
795,4389952.12,4588735.91
796,4389911.72,4588735.91
797,4389952.12,4588735.91
798,4389992.52,4588647.94
799,4389992.52,4588559.96
800,4389992.52,4588471.99
801,4389992.52,4588384.02
802,4390032.92,4588296.05
803,4390032.92,4588208.08
804,4390073.32,4588120.11
805,4390073.32,4588032.14
806,4390073.32,4587944.16
807,4390073.32,4587856.19
808,4390032.92,4587768.22
809,4390073.32,4587680.25
810,4390113.72,4587680.25
811,4390154.12,4587592.28
812,4390154.12,4587504.31
813,4390194.52,4587504.31
814,4390234.92,4587504.31
815,4390275.32,4587416.34
816,4390275.32,4587328.37
817,4390275.32,4587240.39
818,4390315.72,4587152.42
819,4390315.72,4587064.45
820,4390356.12,4587064.45
821,4390396.52,4587064.45
822,4390436.92,4586976.48
823,4390477.32,4586976.48
824,4390517.72,4586888.51
825,4390558.12,4586800.54
826,4390598.51,4586712.57
827,4390638.91,4586624.59
828,4390679.31,4586536.62
829,4390719.71,4586448.65
830,4390760.11,4586360.68
831,4390760.11,4586272.71
832,4390800.51,4586184.74
833,4390800.51,4586096.77
834,4390840.91,4586008.79
835,4390881.31,4585920.82
836,4390881.31,4585832.85
837,4390921.71,4585744.88
838,4390921.71,4585656.91
839,4390921.71,4585568.94
840,4390921.71,4585480.97
841,4390962.11,4585392.99
842,4390962.11,4585305.02
843,4391002.51,4585217.05
844,4391042.91,4585129.08
845,4391042.91,4585041.11
846,4391083.31,4585041.11
847,4391123.71,4584953.14
848,4391164.11,4584865.17
849,4391204.51,4584865.17
850,4391244.91,4584777.2
851,4391285.31,4584777.2
852,4391325.71,4584689.22
853,4391366.11,4584689.22
854,4391406.51,4584601.25
855,4391446.91,4584601.25
856,4391487.31,4584601.25
857,4391527.71,4584601.25
858,4391568.11,4584601.25
859,4391608.5,4584601.25
860,4391648.9,4584601.25
861,4391689.3,4584513.28
862,4391729.7,4584513.28
863,4391770.1,4584513.28
864,4391810.5,4584513.28
865,4391850.9,4584513.28
866,4391891.3,4584425.31
867,4391931.7,4584337.34
868,4391972.1,4584337.34
869,4392012.5,4584337.34
870,4392052.9,4584337.34
871,4392093.3,4584249.37
872,4392133.7,4584161.4
873,4392174.1,4584161.4
874,4392214.5,4584161.4
875,4392254.9,4584161.4
876,4392295.3,4584161.4
877,4392335.7,4584161.4
878,4392376.1,4584161.4
879,4392416.5,4584161.4
880,4392456.9,4584073.42
881,4392497.3,4584073.42
882,4392537.7,4584073.42
883,4392578.1,4584073.42
884,4392618.5,4583985.45
885,4392658.89,4583985.45
886,4392699.29,4583897.48
887,4392699.29,4583809.51
888,4392658.89,4583721.54
889,4392618.5,4583721.54
890,4392578.1,4583721.54
891,4392537.7,4583809.51
892,4392537.7,4583721.54
893,4392578.1,4583721.54
894,4392618.5,4583633.57
895,4392658.89,4583721.54
896,4392699.29,4583633.57
897,4392699.29,4583721.54
898,4392739.69,4583809.51
899,4392780.09,4583809.51
900,4392820.49,4583809.51
901,4392860.89,4583809.51
902,4392901.29,4583809.51
903,4392941.69,4583809.51
904,4392982.09,4583721.54
905,4393022.49,4583809.51
906,4393062.89,4583721.54
907,4393062.89,4583633.57
908,4393103.29,4583545.6
909,4393143.69,4583633.57
910,4393184.09,4583633.57
911,4393224.49,4583633.57
912,4393264.89,4583545.6
913,4393305.29,4583545.6
914,4393345.69,4583457.62
915,4393386.09,4583369.65
916,4393386.09,4583281.68
917,4393386.09,4583193.71
918,4393426.49,4583105.74
919,4393426.49,4583017.77
920,4393426.49,4582929.8
921,4393466.89,4582841.82
922,4393466.89,4582753.85
923,4393466.89,4582665.88
924,4393507.29,4582577.91
925,4393547.69,4582577.91
926,4393588.09,4582489.94
927,4393628.49,4582401.97
928,4393588.09,4582314
929,4393588.09,4582226.03
930,4393628.49,4582226.03
931,4393668.88,4582138.05
932,4393709.28,4582050.08
933,4393709.28,4581962.11
934,4393749.68,4581962.11
935,4393790.08,4581874.14
936,4393830.48,4581786.17
937,4393870.88,4581698.2
938,4393911.28,4581698.2
939,4393951.68,4581610.23
940,4393951.68,4581522.25
941,4393951.68,4581434.28
942,4393951.68,4581346.31
943,4393992.08,4581434.28
944,4394032.48,4581434.28
945,4394072.88,4581434.28
946,4394113.28,4581346.31
947,4394153.68,4581346.31
948,4394194.08,4581258.34
949,4394234.48,4581258.34
950,4394274.88,4581170.37
951,4394315.28,4581170.37
952,4394355.68,4581082.4
953,4394396.08,4580994.43
954,4394436.48,4581082.4
955,4394476.88,4580994.43
956,4394517.28,4580906.45
957,4394557.68,4580818.48
958,4394598.08,4580818.48
959,4394638.48,4580818.48
960,4394678.88,4580818.48
961,4394719.27,4580730.51
962,4394759.67,4580730.51
963,4394800.07,4580642.54
964,4394840.47,4580642.54
965,4394880.87,4580554.57
966,4394921.27,4580466.6
967,4394961.67,4580466.6
968,4395002.07,4580466.6
969,4395042.47,4580378.63
970,4395082.87,4580290.65
971,4395123.27,4580290.65
972,4395163.67,4580290.65
973,4395204.07,4580202.68
974,4395244.47,4580202.68
975,4395284.87,4580114.71
976,4395244.47,4580026.74
977,4395204.07,4580026.74
978,4395244.47,4579938.77
979,4395284.87,4580026.74
980,4395325.27,4580026.74
981,4395365.67,4580026.74
982,4395406.07,4579938.77
983,4395446.47,4579938.77
984,4395486.87,4579850.8
985,4395527.27,4579762.83
986,4395567.67,4579674.86
987,4395608.07,4579586.88
988,4395648.47,4579498.91
989,4395648.47,4579410.94
990,4395688.87,4579322.97
991,4395688.87,4579235
992,4395648.47,4579147.03
993,4395608.07,4579059.06
994,4395567.67,4579059.06
995,4395527.27,4578971.08
996,4395486.87,4578883.11
997,4395446.47,4578883.11
998,4395406.07,4578883.11
999,4395365.67,4578795.14
1000,4395325.27,4578795.14
1001,4395284.87,4578707.17
1002,4395244.47,4578707.17
1003,4395204.07,4578707.17
1004,4395163.67,4578707.17
1005,4395123.27,4578619.2
1006,4395082.87,4578619.2
1007,4395042.47,4578619.2
1008,4395002.07,4578619.2
1009,4394961.67,4578531.23
1010,4394921.27,4578531.23
1011,4394880.87,4578531.23
1012,4394840.47,4578443.26
1013,4394800.07,4578443.26
1014,4394759.67,4578443.26
1015,4394719.27,4578443.26
1016,4394678.88,4578443.26
1017,4394638.48,4578355.28
1018,4394598.08,4578267.31
1019,4394557.68,4578267.31
1020,4394517.28,4578267.31
1021,4394476.88,4578267.31
1022,4394436.48,4578179.34
1023,4394396.08,4578267.31
1024,4394355.68,4578267.31
1025,4394315.28,4578267.31
1026,4394274.88,4578267.31
1027,4394234.48,4578267.31
1028,4394234.48,4578179.34
1029,4394274.88,4578179.34
1030,4394315.28,4578091.37
1031,4394274.88,4578003.4
1032,4394234.48,4578003.4
1033,4394194.08,4577915.43
1034,4394153.68,4577915.43
1035,4394113.28,4577827.46
1036,4394072.88,4577827.46
1037,4394032.48,4577739.48
1038,4393992.08,4577739.48
1039,4393951.68,4577651.51
1040,4393911.28,4577563.54
1041,4393870.88,4577563.54
1042,4393830.48,4577475.57
1043,4393790.08,4577387.6
1044,4393749.68,4577387.6
1045,4393709.28,4577299.63
1046,4393709.28,4577211.66
1047,4393668.88,4577123.69
1048,4393628.49,4577123.69
1049,4393628.49,4577035.71
1050,4393588.09,4576947.74
1051,4393547.69,4576947.74
1052,4393547.69,4576859.77
1053,4393547.69,4576771.8
1054,4393507.29,4576683.83
1055,4393466.89,4576595.86
1056,4393426.49,4576595.86
1057,4393466.89,4576507.89
1058,4393466.89,4576419.91
1059,4393426.49,4576331.94
1060,4393426.49,4576243.97
1061,4393466.89,4576243.97
1062,4393507.29,4576243.97
1063,4393547.69,4576243.97
1064,4393588.09,4576243.97
1065,4393628.49,4576243.97
1066,4393668.88,4576243.97
1067,4393709.28,4576243.97
1068,4393749.68,4576331.94
1069,4393709.28,4576419.91
1070,4393749.68,4576507.89
1071,4393790.08,4576595.86
1072,4393830.48,4576595.86
1073,4393870.88,4576595.86
1074,4393870.88,4576683.83
1075,4393870.88,4576771.8
1076,4393911.28,4576859.77
1077,4393951.68,4576859.77
1078,4393992.08,4576859.77
1079,4394032.48,4576947.74
1080,4394072.88,4577035.71
1081,4394113.28,4577123.69
1082,4394153.68,4577123.69
1083,4394194.08,4577211.66
1084,4394234.48,4577123.69
1085,4394274.88,4577123.69
1086,4394315.28,4577211.66
1087,4394355.68,4577299.63
1088,4394396.08,4577299.63
1089,4394436.48,4577299.63
1090,4394476.88,4577299.63
1091,4394517.28,4577299.63
1092,4394557.68,4577387.6
1093,4394598.08,4577387.6
1094,4394638.48,4577387.6
1095,4394678.88,4577387.6
1096,4394719.27,4577387.6
1097,4394759.67,4577475.57
1098,4394800.07,4577475.57
1099,4394840.47,4577475.57
1100,4394880.87,4577475.57
1101,4394921.27,4577563.54
1102,4394961.67,4577563.54
1103,4395002.07,4577475.57
1104,4395042.47,4577475.57
1105,4395082.87,4577475.57
1106,4395082.87,4577563.54
1107,4395123.27,4577651.51
1108,4395163.67,4577651.51
1109,4395204.07,4577651.51
1110,4395244.47,4577651.51
1111,4395284.87,4577651.51
1112,4395325.27,4577739.48
1113,4395365.67,4577739.48
1114,4395406.07,4577739.48
1115,4395446.47,4577739.48
1116,4395486.87,4577739.48
1117,4395527.27,4577827.46
1118,4395567.67,4577827.46
1119,4395608.07,4577827.46
1120,4395648.47,4577827.46
1121,4395688.87,4577827.46
1122,4395729.27,4577915.43
1123,4395769.66,4577915.43
1124,4395810.06,4577915.43
1125,4395850.46,4577915.43
1126,4395890.86,4577915.43
1127,4395931.26,4578003.4
1128,4395971.66,4578003.4
1129,4396012.06,4578003.4
1130,4396052.46,4578003.4
1131,4396092.86,4578091.37
1132,4396133.26,4578091.37
1133,4396173.66,4578179.34
1134,4396214.06,4578179.34
1135,4396254.46,4578179.34
1136,4396294.86,4578267.31
1137,4396335.26,4578267.31
1138,4396375.66,4578267.31
1139,4396416.06,4578267.31
1140,4396456.46,4578355.28
1141,4396496.86,4578355.28
1142,4396537.26,4578267.31
1143,4396577.66,4578267.31
1144,4396618.06,4578355.28
1145,4396658.46,4578355.28
1146,4396698.86,4578443.26
1147,4396739.26,4578443.26
1148,4396779.65,4578531.23
1149,4396820.05,4578531.23
1150,4396860.45,4578531.23
1151,4396900.85,4578531.23
1152,4396941.25,4578531.23
1153,4396981.65,4578531.23
1154,4397022.05,4578531.23
1155,4397062.45,4578531.23
1156,4397102.85,4578531.23
1157,4397143.25,4578531.23
1158,4397183.65,4578443.26
1159,4397224.05,4578443.26
1160,4397264.45,4578443.26
1161,4397304.85,4578443.26
1162,4397345.25,4578355.28
1163,4397385.65,4578355.28
1164,4397426.05,4578355.28
1165,4397466.45,4578355.28
1166,4397506.85,4578355.28
1167,4397547.25,4578355.28
1168,4397587.65,4578355.28
1169,4397628.05,4578267.31
1170,4397668.45,4578267.31
1171,4397708.85,4578179.34
1172,4397749.25,4578267.31
1173,4397789.65,4578179.34
1174,4397830.04,4578179.34
1175,4397870.44,4578179.34
1176,4397910.84,4578091.37
1177,4397951.24,4578003.4
1178,4397991.64,4578091.37
1179,4398032.04,4578091.37
1180,4398072.44,4578003.4
1181,4398112.84,4578003.4
1182,4398153.24,4578003.4
1183,4398193.64,4577915.43
1184,4398234.04,4577915.43
1185,4398274.44,4577915.43
1186,4398314.84,4577915.43
1187,4398355.24,4577827.46
1188,4398395.64,4577827.46
1189,4398436.04,4577827.46
1190,4398476.44,4577827.46
1191,4398516.84,4577827.46
1192,4398557.24,4577827.46
1193,4398597.64,4577827.46
1194,4398638.04,4577827.46
1195,4398678.44,4577827.46
1196,4398718.84,4577827.46
1197,4398759.24,4577827.46
1198,4398799.64,4577915.43
1199,4398840.04,4577827.46
1200,4398880.43,4577827.46
1201,4398920.83,4577827.46
1202,4398961.23,4577827.46
1203,4399001.63,4577915.43
1204,4399042.03,4577915.43
1205,4399082.43,4577915.43
1206,4399122.83,4577915.43
1207,4399163.23,4577915.43
1208,4399203.63,4577915.43
1209,4399244.03,4578003.4
1210,4399284.43,4578003.4
1211,4399324.83,4578003.4
1212,4399365.23,4578003.4
1213,4399405.63,4578003.4
1214,4399446.03,4578003.4
1215,4399486.43,4578003.4
1216,4399526.83,4578003.4
1217,4399567.23,4578003.4
1218,4399607.63,4578091.37
1219,4399648.03,4578091.37
1220,4399688.43,4578091.37
1221,4399728.83,4578091.37
1222,4399769.23,4578091.37
1223,4399809.63,4578091.37
1224,4399850.03,4578003.4
1225,4399890.42,4577915.43
1226,4399890.42,4578003.4
1227,4399930.82,4578091.37
1228,4399971.22,4578003.4
1229,4400011.62,4578003.4
1230,4400052.02,4578003.4
1231,4400092.42,4578003.4
1232,4400132.82,4578003.4
1233,4400173.22,4578003.4
1234,4400213.62,4577915.43
1235,4400254.02,4577915.43
1236,4400294.42,4577915.43
1237,4400334.82,4577915.43
1238,4400375.22,4577915.43
1239,4400415.62,4577827.46
1240,4400456.02,4577827.46
1241,4400496.42,4577827.46
1242,4400536.82,4577827.46
1243,4400577.22,4577739.48
1244,4400617.62,4577739.48
1245,4400658.02,4577651.51
1246,4400698.42,4577651.51
1247,4400738.82,4577651.51
1248,4400779.22,4577651.51
1249,4400819.62,4577563.54
1250,4400860.02,4577563.54
1251,4400900.42,4577563.54
1252,4400940.81,4577475.57
1253,4400981.21,4577475.57
1254,4401021.61,4577475.57
1255,4401062.01,4577387.6
1256,4401102.41,4577475.57
1257,4401142.81,4577475.57
1258,4401183.21,4577563.54
1259,4401223.61,4577563.54
1260,4401264.01,4577563.54
1261,4401304.41,4577563.54
1262,4401304.41,4577651.51
1263,4401344.81,4577739.48
1264,4401385.21,4577827.46
1265,4401385.21,4577915.43
1266,4401425.61,4578003.4
1267,4401425.61,4578091.37
1268,4401425.61,4578179.34
1269,4401425.61,4578267.31
1270,4401385.21,4578355.28
1271,4401344.81,4578355.28
1272,4401304.41,4578355.28
1273,4401264.01,4578443.26
1274,4401264.01,4578531.23
1275,4401264.01,4578619.2
1276,4401223.61,4578531.23
1277,4401183.21,4578619.2
1278,4401142.81,4578707.17
1279,4401183.21,4578795.14
1280,4401183.21,4578883.11
1281,4401142.81,4578883.11
1282,4401102.41,4578971.08
1283,4401062.01,4579059.06
1284,4401062.01,4579147.03
1285,4401021.61,4579235
1286,4401021.61,4579322.97
1287,4401021.61,4579410.94
1288,4400981.21,4579498.91
1289,4400981.21,4579586.88
1290,4401021.61,4579674.86
1291,4401021.61,4579762.83
1292,4401062.01,4579850.8
1293,4401021.61,4579938.77
1294,4401021.61,4580026.74
1295,4401021.61,4580114.71
1296,4401062.01,4580202.68
1297,4401102.41,4580202.68
1298,4401142.81,4580290.65
1299,4401183.21,4580290.65
1300,4401223.61,4580378.63
1301,4401264.01,4580378.63
1302,4401304.41,4580378.63
1303,4401344.81,4580466.6
1304,4401385.21,4580378.63
1305,4401385.21,4580290.65
1306,4401385.21,4580378.63
1307,4401425.61,4580466.6
1308,4401425.61,4580554.57
1309,4401425.61,4580642.54
1310,4401425.61,4580730.51
1311,4401466.01,4580818.48
1312,4401506.41,4580818.48
1313,4401506.41,4580906.45
1314,4401506.41,4580994.43
1315,4401506.41,4581082.4
1316,4401466.01,4581170.37
1317,4401466.01,4581258.34
1318,4401425.61,4581346.31
1319,4401425.61,4581434.28
1320,4401425.61,4581522.25
1321,4401425.61,4581610.23
1322,4401385.21,4581698.2
1323,4401385.21,4581786.17
1324,4401385.21,4581874.14
1325,4401385.21,4581962.11
1326,4401385.21,4582050.08
1327,4401344.81,4582138.05
1328,4401304.41,4582226.03
1329,4401304.41,4582314
1330,4401304.41,4582401.97
1331,4401264.01,4582489.94
1332,4401304.41,4582577.91
1333,4401304.41,4582665.88
1334,4401344.81,4582753.85
1335,4401344.81,4582841.82
1336,4401344.81,4582929.8
1337,4401385.21,4583017.77
1338,4401425.61,4583105.74
1339,4401466.01,4583193.71
1340,4401506.41,4583281.68
1341,4401506.41,4583369.65
1342,4401466.01,4583457.62
1343,4401506.41,4583545.6
1344,4401546.81,4583545.6
1345,4401587.21,4583545.6
1346,4401546.81,4583545.6
1347,4401506.41,4583633.57
1348,4401546.81,4583721.54
1349,4401587.21,4583721.54
1350,4401627.61,4583809.51
1351,4401668.01,4583897.48
1352,4401708.41,4583897.48
1353,4401748.81,4583985.45
1354,4401789.21,4583985.45
1355,4401829.61,4583985.45
1356,4401829.61,4584073.42
1357,4401789.21,4584161.4
1358,4401829.61,4584249.37
1359,4401870.01,4584337.34
1360,4401870.01,4584425.31
1361,4401829.61,4584513.28
1362,4401870.01,4584601.25
1363,4401910.41,4584689.22
1364,4401950.81,4584601.25
1365,4401991.2,4584601.25
1366,4401991.2,4584689.22
1367,4401991.2,4584777.2
1368,4402031.6,4584865.17
1369,4402072,4584953.14
1370,4402112.4,4584953.14
1371,4402152.8,4585041.11
1372,4402193.2,4585041.11
1373,4402233.6,4585041.11
1374,4402233.6,4585129.08
1375,4402274,4585217.05
1376,4402314.4,4585217.05
1377,4402314.4,4585305.02
1378,4402354.8,4585392.99
1379,4402395.2,4585392.99
1380,4402435.6,4585480.97
1381,4402435.6,4585568.94
1382,4402435.6,4585656.91
1383,4402435.6,4585744.88
1384,4402435.6,4585832.85
1385,4402435.6,4585920.82
1386,4402435.6,4586008.79
1387,4402395.2,4586008.79
1388,4402354.8,4586096.77
1389,4402314.4,4586008.79
1390,4402274,4586008.79
1391,4402233.6,4586008.79
1392,4402193.2,4585920.82
1393,4402152.8,4585920.82
1394,4402112.4,4585920.82
1395,4402072,4585920.82
1396,4402031.6,4585920.82
1397,4401991.2,4585920.82
1398,4401950.81,4585920.82
1399,4401910.41,4585920.82
1400,4401870.01,4585920.82
1401,4401829.61,4585832.85
1402,4401789.21,4585832.85
1403,4401748.81,4585744.88
1404,4401708.41,4585744.88
1405,4401668.01,4585744.88
1406,4401627.61,4585656.91
1407,4401587.21,4585656.91
1408,4401546.81,4585568.94
1409,4401506.41,4585568.94
1410,4401466.01,4585568.94
1411,4401425.61,4585480.97
1412,4401385.21,4585480.97
1413,4401344.81,4585480.97
1414,4401344.81,4585392.99
1415,4401304.41,4585305.02
1416,4401264.01,4585217.05
1417,4401223.61,4585129.08
1418,4401223.61,4585041.11
1419,4401183.21,4584953.14
1420,4401183.21,4584865.17
1421,4401142.81,4584777.2
1422,4401142.81,4584689.22
1423,4401102.41,4584601.25
1424,4401062.01,4584513.28
1425,4401021.61,4584425.31
1426,4400981.21,4584337.34
1427,4400981.21,4584249.37
1428,4400940.81,4584161.4
1429,4400900.42,4584073.42
1430,4400900.42,4583985.45
1431,4400860.02,4583897.48
1432,4400819.62,4583809.51
1433,4400779.22,4583809.51
1434,4400819.62,4583721.54
1435,4400779.22,4583633.57
1436,4400738.82,4583633.57
1437,4400738.82,4583545.6
1438,4400738.82,4583457.62
1439,4400698.42,4583369.65
1440,4400658.02,4583369.65
1441,4400658.02,4583281.68
1442,4400658.02,4583193.71
1443,4400617.62,4583105.74
1444,4400577.22,4583017.77
1445,4400536.82,4583017.77
1446,4400496.42,4583105.74
1447,4400496.42,4583193.71
1448,4400496.42,4583105.74
1449,4400456.02,4583017.77
1450,4400415.62,4583017.77
1451,4400456.02,4583017.77
1452,4400496.42,4582929.8
1453,4400536.82,4582841.82
1454,4400496.42,4582753.85
1455,4400456.02,4582753.85
1456,4400415.62,4582753.85
1457,4400375.22,4582665.88
1458,4400334.82,4582665.88
1459,4400294.42,4582577.91
1460,4400254.02,4582577.91
1461,4400213.62,4582577.91
1462,4400173.22,4582577.91
1463,4400132.82,4582489.94
1464,4400092.42,4582489.94
1465,4400052.02,4582401.97
1466,4400011.62,4582401.97
1467,4399971.22,4582401.97
1468,4399930.82,4582401.97
1469,4399890.42,4582314
1470,4399850.03,4582226.03
1471,4399809.63,4582226.03
1472,4399769.23,4582226.03
1473,4399728.83,4582226.03
1474,4399688.43,4582226.03
1475,4399648.03,4582226.03
1476,4399607.63,4582226.03
1477,4399567.23,4582226.03
1478,4399526.83,4582138.05
1479,4399486.43,4582138.05
1480,4399446.03,4582138.05
1481,4399405.63,4582138.05
1482,4399365.23,4582138.05
1483,4399324.83,4582138.05
1484,4399284.43,4582138.05
1485,4399244.03,4582138.05
1486,4399203.63,4582138.05
1487,4399163.23,4582138.05
1488,4399122.83,4582138.05
1489,4399082.43,4582226.03
1490,4399042.03,4582226.03
1491,4399001.63,4582226.03
1492,4398961.23,4582226.03
1493,4398920.83,4582226.03
1494,4398880.43,4582226.03
1495,4398840.04,4582226.03
1496,4398799.64,4582226.03
1497,4398759.24,4582226.03
1498,4398718.84,4582226.03
1499,4398678.44,4582226.03
1500,4398638.04,4582314
1501,4398597.64,4582314
1502,4398557.24,4582314
1503,4398516.84,4582226.03
1504,4398476.44,4582226.03
1505,4398436.04,4582226.03
1506,4398395.64,4582226.03
1507,4398355.24,4582314
1508,4398314.84,4582314
1509,4398274.44,4582314
1510,4398234.04,4582314
1511,4398193.64,4582314
1512,4398153.24,4582314
1513,4398112.84,4582314
1514,4398072.44,4582314
1515,4398032.04,4582314
1516,4397991.64,4582314
1517,4397951.24,4582314
1518,4397910.84,4582314
1519,4397870.44,4582314
1520,4397830.04,4582314
1521,4397789.65,4582401.97
1522,4397749.25,4582401.97
1523,4397708.85,4582401.97
1524,4397668.45,4582401.97
1525,4397628.05,4582401.97
1526,4397587.65,4582401.97
1527,4397547.25,4582401.97
1528,4397506.85,4582401.97
1529,4397466.45,4582401.97
1530,4397426.05,4582401.97
1531,4397385.65,4582401.97
1532,4397345.25,4582401.97
1533,4397304.85,4582401.97
1534,4397264.45,4582401.97
1535,4397224.05,4582401.97
1536,4397183.65,4582401.97
1537,4397143.25,4582489.94
1538,4397102.85,4582489.94
1539,4397062.45,4582489.94
1540,4397022.05,4582489.94
1541,4396981.65,4582489.94
1542,4396941.25,4582401.97
1543,4396900.85,4582489.94
1544,4396860.45,4582489.94
1545,4396820.05,4582489.94
1546,4396779.65,4582577.91
1547,4396739.26,4582577.91
1548,4396698.86,4582577.91
1549,4396658.46,4582665.88
1550,4396618.06,4582665.88
1551,4396577.66,4582753.85
1552,4396537.26,4582753.85
1553,4396496.86,4582841.82
1554,4396537.26,4582929.8
1555,4396537.26,4583017.77
1556,4396577.66,4583105.74
1557,4396618.06,4583105.74
1558,4396658.46,4583105.74
1559,4396698.86,4583105.74
1560,4396739.26,4583193.71
1561,4396779.65,4583193.71
1562,4396820.05,4583105.74
1563,4396860.45,4583105.74
1564,4396900.85,4583193.71
1565,4396941.25,4583193.71
1566,4396981.65,4583281.68
1567,4397022.05,4583281.68
1568,4397062.45,4583281.68
1569,4397102.85,4583193.71
1570,4397143.25,4583281.68
1571,4397183.65,4583369.65
1572,4397224.05,4583457.62
1573,4397264.45,4583457.62
1574,4397304.85,4583457.62
1575,4397345.25,4583457.62
1576,4397385.65,4583457.62
1577,4397385.65,4583545.6
1578,4397426.05,4583633.57
1579,4397466.45,4583633.57
1580,4397506.85,4583721.54
1581,4397547.25,4583809.51
1582,4397587.65,4583809.51
1583,4397628.05,4583809.51
1584,4397668.45,4583897.48
1585,4397708.85,4583985.45
1586,4397749.25,4583985.45
1587,4397789.65,4583985.45
1588,4397789.65,4584073.42
1589,4397830.04,4584161.4
1590,4397870.44,4584161.4
1591,4397910.84,4584161.4
1592,4397951.24,4584161.4
1593,4397951.24,4584249.37
1594,4397991.64,4584337.34
1595,4398032.04,4584425.31
1596,4398072.44,4584425.31
1597,4398112.84,4584513.28
1598,4398153.24,4584425.31
1599,4398153.24,4584337.34
1600,4398153.24,4584249.37
1601,4398193.64,4584249.37
1602,4398193.64,4584337.34
1603,4398153.24,4584425.31
1604,4398193.64,4584513.28
1605,4398234.04,4584601.25
1606,4398274.44,4584689.22
1607,4398314.84,4584777.2
1608,4398355.24,4584865.17
1609,4398395.64,4584777.2
1610,4398395.64,4584865.17
1611,4398436.04,4584953.14
1612,4398476.44,4584953.14
1613,4398516.84,4584953.14
1614,4398557.24,4585041.11
1615,4398597.64,4585041.11
1616,4398638.04,4585041.11
1617,4398638.04,4585129.08
1618,4398678.44,4585217.05
1619,4398718.84,4585217.05
1620,4398759.24,4585305.02
1621,4398799.64,4585305.02
1622,4398840.04,4585392.99
1623,4398880.43,4585305.02
1624,4398920.83,4585217.05
1625,4398920.83,4585305.02
1626,4398961.23,4585392.99
1627,4399001.63,4585392.99
1628,4398961.23,4585480.97
1629,4399001.63,4585568.94
1630,4399042.03,4585568.94
1631,4399082.43,4585656.91
1632,4399122.83,4585744.88
1633,4399163.23,4585744.88
1634,4399203.63,4585832.85
1635,4399244.03,4585920.82
1636,4399284.43,4585920.82
1637,4399324.83,4586008.79
1638,4399365.23,4586008.79
1639,4399405.63,4586096.77
1640,4399446.03,4586184.74
1641,4399486.43,4586272.71
1642,4399486.43,4586360.68
1643,4399526.83,4586448.65
1644,4399567.23,4586536.62
1645,4399607.63,4586624.59
1646,4399648.03,4586712.57
1647,4399648.03,4586800.54
1648,4399648.03,4586888.51
1649,4399688.43,4586976.48
1650,4399728.83,4587064.45
1651,4399769.23,4587152.42
1652,4399728.83,4587240.39
1653,4399728.83,4587328.37
1654,4399728.83,4587416.34
1655,4399728.83,4587504.31
1656,4399728.83,4587592.28
1657,4399688.43,4587680.25
1658,4399688.43,4587768.22
1659,4399648.03,4587768.22
1660,4399607.63,4587856.19
1661,4399567.23,4587944.16
1662,4399526.83,4587856.19
1663,4399486.43,4587944.16
1664,4399446.03,4587856.19
1665,4399405.63,4587856.19
1666,4399365.23,4587768.22
1667,4399324.83,4587768.22
1668,4399284.43,4587768.22
1669,4399284.43,4587680.25
1670,4399244.03,4587592.28
1671,4399203.63,4587592.28
1672,4399163.23,4587592.28
1673,4399203.63,4587504.31
1674,4399203.63,4587416.34
1675,4399163.23,4587328.37
1676,4399163.23,4587240.39
1677,4399122.83,4587152.42
1678,4399082.43,4587064.45
1679,4399082.43,4586976.48
1680,4399042.03,4586888.51
1681,4399001.63,4586888.51
1682,4399001.63,4586800.54
1683,4398961.23,4586712.57
1684,4398920.83,4586712.57
1685,4398961.23,4586624.59
1686,4398920.83,4586536.62
1687,4398880.43,4586448.65
1688,4398840.04,4586360.68
1689,4398799.64,4586360.68
1690,4398759.24,4586272.71
1691,4398718.84,4586272.71
1692,4398678.44,4586272.71
1693,4398638.04,4586272.71
1694,4398597.64,4586184.74
1695,4398557.24,4586184.74
1696,4398516.84,4586184.74
1697,4398476.44,4586184.74
1698,4398476.44,4586096.77
1699,4398436.04,4586008.79
1700,4398395.64,4586008.79
1701,4398355.24,4586008.79
1702,4398314.84,4585920.82
1703,4398274.44,4585920.82
1704,4398234.04,4586008.79
1705,4398193.64,4585920.82
1706,4398153.24,4585920.82
1707,4398112.84,4585920.82
1708,4398072.44,4585920.82
1709,4398032.04,4585920.82
1710,4397991.64,4585920.82
1711,4397951.24,4585920.82
1712,4397910.84,4585920.82
1713,4397870.44,4585920.82
1714,4397830.04,4585920.82
1715,4397789.65,4585920.82
1716,4397749.25,4585920.82
1717,4397708.85,4585920.82
1718,4397668.45,4585920.82
1719,4397628.05,4585920.82
1720,4397587.65,4585920.82
1721,4397547.25,4585920.82
1722,4397506.85,4586008.79
1723,4397466.45,4586008.79
1724,4397426.05,4586008.79
1725,4397385.65,4586008.79
1726,4397345.25,4586008.79
1727,4397304.85,4586008.79
1728,4397264.45,4586008.79
1729,4397224.05,4586008.79
1730,4397183.65,4586008.79
1731,4397143.25,4586096.77
1732,4397102.85,4586096.77
1733,4397062.45,4586184.74
1734,4397062.45,4586272.71
1735,4397022.05,4586272.71
1736,4396981.65,4586272.71
1737,4396941.25,4586184.74
1738,4396900.85,4586184.74
1739,4396860.45,4586272.71
1740,4396860.45,4586360.68
1741,4396820.05,4586272.71
1742,4396779.65,4586360.68
1743,4396739.26,4586448.65
1744,4396698.86,4586448.65
1745,4396658.46,4586448.65
1746,4396618.06,4586536.62
1747,4396658.46,4586624.59
1748,4396658.46,4586712.57
1749,4396618.06,4586624.59
1750,4396577.66,4586536.62
1751,4396537.26,4586624.59
1752,4396496.86,4586712.57
1753,4396496.86,4586800.54
1754,4396456.46,4586712.57
1755,4396416.06,4586712.57
1756,4396375.66,4586800.54
1757,4396335.26,4586888.51
1758,4396294.86,4586888.51
1759,4396254.46,4586976.48
1760,4396254.46,4587064.45
1761,4396254.46,4587152.42
1762,4396214.06,4587064.45
1763,4396173.66,4587064.45
1764,4396133.26,4587064.45
1765,4396092.86,4587152.42
1766,4396052.46,4587152.42
1767,4396012.06,4587240.39
1768,4395971.66,4587240.39
1769,4395931.26,4587328.37
1770,4395890.86,4587328.37
1771,4395850.46,4587416.34
1772,4395810.06,4587416.34
1773,4395769.66,4587416.34
1774,4395729.27,4587416.34
1775,4395688.87,4587416.34
1776,4395648.47,4587416.34
1777,4395608.07,4587416.34
1778,4395567.67,4587416.34
1779,4395527.27,4587504.31
1780,4395486.87,4587592.28
1781,4395446.47,4587592.28
1782,4395406.07,4587592.28
1783,4395365.67,4587592.28
1784,4395325.27,4587592.28
1785,4395284.87,4587592.28
1786,4395244.47,4587592.28
1787,4395204.07,4587592.28
1788,4395163.67,4587680.25
1789,4395123.27,4587768.22
1790,4395082.87,4587768.22
1791,4395042.47,4587768.22
1792,4395002.07,4587768.22
1793,4394961.67,4587856.19
1794,4394921.27,4587856.19
1795,4394880.87,4587944.16
1796,4394840.47,4587944.16
1797,4394800.07,4588032.14
1798,4394759.67,4588120.11
1799,4394719.27,4588208.08
1800,4394719.27,4588296.05
1801,4394678.88,4588296.05
1802,4394638.48,4588296.05
1803,4394598.08,4588384.02
1804,4394557.68,4588471.99
1805,4394517.28,4588471.99
1806,4394476.88,4588471.99
1807,4394436.48,4588559.96
1808,4394396.08,4588647.94
1809,4394355.68,4588647.94
1810,4394315.28,4588735.91
1811,4394274.88,4588823.88
1812,4394234.48,4588735.91
1813,4394194.08,4588823.88
1814,4394153.68,4588823.88
1815,4394113.28,4588911.85
1816,4394072.88,4588999.82
1817,4394032.48,4588999.82
1818,4393992.08,4588999.82
1819,4393951.68,4588999.82
1820,4393911.28,4588999.82
1821,4393870.88,4589087.79
1822,4393870.88,4589175.76
1823,4393830.48,4589175.76
1824,4393790.08,4589175.76
1825,4393749.68,4589175.76
1826,4393709.28,4589263.74
1827,4393709.28,4589351.71
1828,4393668.88,4589351.71
1829,4393628.49,4589351.71
1830,4393588.09,4589439.68
1831,4393547.69,4589527.65
1832,4393507.29,4589527.65
1833,4393466.89,4589615.62
1834,4393426.49,4589703.59
1835,4393426.49,4589791.56
1836,4393386.09,4589791.56
1837,4393345.69,4589879.54
1838,4393345.69,4589967.51
1839,4393305.29,4590055.48
1840,4393264.89,4590143.45
1841,4393264.89,4590231.42
1842,4393224.49,4590319.39
1843,4393224.49,4590407.36
1844,4393184.09,4590495.34
1845,4393184.09,4590583.31
1846,4393143.69,4590671.28
1847,4393143.69,4590759.25
1848,4393103.29,4590847.22
1849,4393103.29,4590935.19
1850,4393143.69,4591023.16
1851,4393103.29,4591111.13
1852,4393103.29,4591199.11
1853,4393143.69,4591287.08
1854,4393184.09,4591375.05
1855,4393224.49,4591375.05
1856,4393264.89,4591375.05
1857,4393305.29,4591287.08
1858,4393345.69,4591375.05
1859,4393386.09,4591375.05
1860,4393426.49,4591375.05
1861,4393466.89,4591375.05
1862,4393507.29,4591375.05
1863,4393547.69,4591463.02
1864,4393588.09,4591463.02
1865,4393628.49,4591463.02
1866,4393668.88,4591463.02
1867,4393709.28,4591463.02
1868,4393749.68,4591463.02
1869,4393790.08,4591463.02
1870,4393830.48,4591463.02
1871,4393870.88,4591550.99
1872,4393911.28,4591550.99
1873,4393951.68,4591463.02
1874,4393992.08,4591463.02
1875,4394032.48,4591550.99
1876,4394072.88,4591550.99
1877,4394113.28,4591550.99
1878,4394153.68,4591550.99
1879,4394194.08,4591550.99
1880,4394234.48,4591550.99
1881,4394274.88,4591550.99
1882,4394315.28,4591550.99
1883,4394355.68,4591550.99
1884,4394396.08,4591550.99
1885,4394436.48,4591550.99
1886,4394476.88,4591550.99
1887,4394517.28,4591550.99
1888,4394557.68,4591550.99
1889,4394598.08,4591550.99
1890,4394638.48,4591550.99
1891,4394678.88,4591550.99
1892,4394719.27,4591550.99
1893,4394759.67,4591550.99
1894,4394800.07,4591638.96
1895,4394840.47,4591550.99
1896,4394880.87,4591638.96
1897,4394921.27,4591638.96
1898,4394961.67,4591638.96
1899,4395002.07,4591638.96
1900,4395042.47,4591638.96
1901,4395082.87,4591726.93
1902,4395123.27,4591726.93
1903,4395163.67,4591726.93
1904,4395204.07,4591726.93
1905,4395244.47,4591726.93
1906,4395284.87,4591726.93
1907,4395325.27,4591726.93
1908,4395365.67,4591726.93
1909,4395406.07,4591726.93
1910,4395446.47,4591726.93
1911,4395486.87,4591726.93
1912,4395527.27,4591726.93
1913,4395567.67,4591726.93
1914,4395608.07,4591726.93
1915,4395648.47,4591726.93
1916,4395688.87,4591726.93
1917,4395729.27,4591726.93
1918,4395769.66,4591726.93
1919,4395810.06,4591726.93
1920,4395850.46,4591726.93
1921,4395890.86,4591726.93
1922,4395931.26,4591726.93
1923,4395971.66,4591726.93
1924,4396012.06,4591726.93
1925,4396052.46,4591726.93
1926,4396092.86,4591726.93
1927,4396133.26,4591726.93
1928,4396173.66,4591726.93
1929,4396214.06,4591726.93
1930,4396254.46,4591726.93
1931,4396294.86,4591726.93
1932,4396335.26,4591726.93
1933,4396375.66,4591726.93
1934,4396416.06,4591726.93
1935,4396456.46,4591726.93
1936,4396496.86,4591726.93
1937,4396537.26,4591726.93
1938,4396577.66,4591726.93
1939,4396618.06,4591726.93
1940,4396658.46,4591726.93
1941,4396698.86,4591726.93
1942,4396739.26,4591726.93
1943,4396779.65,4591726.93
1944,4396820.05,4591726.93
1945,4396860.45,4591726.93
1946,4396900.85,4591726.93
1947,4396941.25,4591814.91
1948,4396981.65,4591814.91
1949,4397022.05,4591814.91
1950,4397062.45,4591814.91
1951,4397102.85,4591814.91
1952,4397143.25,4591814.91
1953,4397183.65,4591726.93
1954,4397183.65,4591814.91
1955,4397224.05,4591902.88
1956,4397264.45,4591902.88
1957,4397304.85,4591902.88
1958,4397345.25,4591902.88
1959,4397385.65,4591902.88
1960,4397426.05,4591902.88
1961,4397466.45,4591902.88
1962,4397506.85,4591902.88
1963,4397547.25,4591990.85
1964,4397587.65,4591990.85
1965,4397628.05,4591990.85
1966,4397668.45,4592078.82
1967,4397708.85,4591990.85
1968,4397749.25,4592078.82
1969,4397789.65,4592078.82
1970,4397789.65,4592166.79
1971,4397830.04,4592254.76
1972,4397870.44,4592254.76
1973,4397910.84,4592342.73
1974,4397951.24,4592254.76
1975,4397951.24,4592342.73
1976,4397991.64,4592430.71
1977,4397991.64,4592518.68
1978,4397991.64,4592606.65
1979,4398032.04,4592694.62
1980,4397991.64,4592694.62
1981,4397951.24,4592782.59
1982,4397910.84,4592870.56
1983,4397951.24,4592958.53
1984,4397910.84,4592958.53
1985,4397870.44,4592958.53
1986,4397830.04,4593046.51
1987,4397789.65,4593046.51
1988,4397749.25,4593046.51
1989,4397708.85,4593046.51
1990,4397668.45,4593046.51
1991,4397628.05,4592958.53
1992,4397587.65,4592958.53
1993,4397547.25,4592958.53
1994,4397506.85,4592958.53
1995,4397466.45,4592870.56
1996,4397426.05,4592870.56
1997,4397385.65,4592870.56
1998,4397345.25,4592870.56
1999,4397304.85,4592958.53
2000,4397264.45,4592870.56
2001,4397224.05,4592870.56
2002,4397183.65,4592782.59
2003,4397143.25,4592782.59
2004,4397102.85,4592870.56
2005,4397062.45,4592782.59
2006,4397022.05,4592694.62
2007,4396981.65,4592694.62
2008,4396941.25,4592694.62
2009,4396900.85,4592694.62
2010,4396860.45,4592694.62
2011,4396820.05,4592694.62
2012,4396779.65,4592606.65
2013,4396739.26,4592694.62
2014,4396739.26,4592606.65
2015,4396698.86,4592518.68
2016,4396658.46,4592518.68
2017,4396618.06,4592518.68
2018,4396577.66,4592518.68
2019,4396537.26,4592518.68
2020,4396496.86,4592518.68
2021,4396456.46,4592518.68
2022,4396416.06,4592518.68
2023,4396375.66,4592518.68
2024,4396335.26,4592518.68
2025,4396294.86,4592518.68
2026,4396254.46,4592518.68
2027,4396214.06,4592518.68
2028,4396173.66,4592518.68
2029,4396133.26,4592518.68
2030,4396092.86,4592518.68
2031,4396052.46,4592518.68
2032,4396012.06,4592518.68
2033,4395971.66,4592518.68
2034,4395931.26,4592518.68
2035,4395890.86,4592518.68
2036,4395850.46,4592518.68
2037,4395810.06,4592518.68
2038,4395769.66,4592606.65
2039,4395769.66,4592694.62
2040,4395729.27,4592606.65
2041,4395688.87,4592606.65
2042,4395648.47,4592694.62
2043,4395608.07,4592606.65
2044,4395567.67,4592694.62
2045,4395527.27,4592694.62
2046,4395486.87,4592606.65
2047,4395446.47,4592606.65
2048,4395406.07,4592606.65
2049,4395365.67,4592606.65
2050,4395325.27,4592606.65
2051,4395284.87,4592606.65
2052,4395244.47,4592694.62
2053,4395204.07,4592694.62
2054,4395163.67,4592694.62
2055,4395123.27,4592694.62
2056,4395082.87,4592694.62
2057,4395042.47,4592694.62
2058,4395002.07,4592694.62
2059,4394961.67,4592694.62
2060,4394921.27,4592694.62
2061,4394880.87,4592694.62
2062,4394840.47,4592694.62
2063,4394800.07,4592694.62
2064,4394759.67,4592782.59
2065,4394759.67,4592870.56
2066,4394719.27,4592782.59
2067,4394678.88,4592870.56
2068,4394638.48,4592870.56
2069,4394598.08,4592870.56
2070,4394557.68,4592958.53
2071,4394517.28,4592958.53
2072,4394476.88,4593046.51
2073,4394436.48,4593046.51
2074,4394396.08,4593046.51
2075,4394355.68,4593134.48
2076,4394315.28,4593134.48
2077,4394274.88,4593222.45
2078,4394234.48,4593222.45
2079,4394194.08,4593310.42
2080,4394153.68,4593310.42
2081,4394113.28,4593398.39
2082,4394072.88,4593398.39
2083,4394032.48,4593486.36
2084,4393992.08,4593574.33
2085,4393951.68,4593574.33
2086,4393911.28,4593662.3
2087,4393870.88,4593750.28
2088,4393830.48,4593750.28
2089,4393790.08,4593838.25
2090,4393749.68,4593926.22
2091,4393709.28,4593926.22
2092,4393668.88,4594014.19
2093,4393668.88,4594102.16
2094,4393628.49,4594102.16
2095,4393588.09,4594102.16
2096,4393547.69,4594190.13
2097,4393507.29,4594190.13
2098,4393466.89,4594278.1
2099,4393426.49,4594366.08
2100,4393386.09,4594366.08
2101,4393345.69,4594454.05
2102,4393305.29,4594542.02
2103,4393264.89,4594542.02
2104,4393224.49,4594629.99
2105,4393184.09,4594717.96
2106,4393143.69,4594805.93
2107,4393103.29,4594893.9
2108,4393062.89,4594893.9
2109,4393022.49,4594981.88
2110,4393022.49,4595069.85
2111,4392982.09,4595069.85
2112,4392941.69,4595157.82
2113,4392982.09,4595245.79
2114,4392941.69,4595245.79
2115,4392901.29,4595333.76
2116,4392860.89,4595421.73
2117,4392860.89,4595509.7
2118,4392901.29,4595597.68
2119,4392860.89,4595597.68
2120,4392820.49,4595685.65
2121,4392860.89,4595773.62
2122,4392860.89,4595861.59
2123,4392860.89,4595949.56
2124,4392901.29,4596037.53
2125,4392941.69,4596125.5
2126,4392982.09,4596213.47
2127,4393022.49,4596213.47
2128,4393022.49,4596301.45
2129,4393062.89,4596389.42
2130,4393103.29,4596477.39
2131,4393143.69,4596389.42
2132,4393143.69,4596477.39
2133,4393143.69,4596565.36
2134,4393184.09,4596653.33
2135,4393184.09,4596741.3
2136,4393143.69,4596741.3
2137,4393103.29,4596829.27
2138,4393062.89,4596917.25
2139,4393022.49,4596917.25
2140,4392982.09,4596917.25
2141,4392941.69,4596917.25
2142,4392901.29,4597005.22
2143,4392860.89,4597005.22
2144,4392820.49,4597005.22
2145,4392780.09,4597093.19
2146,4392739.69,4597093.19
2147,4392699.29,4597093.19
2148,4392658.89,4597181.16
2149,4392618.5,4597181.16
2150,4392578.1,4597181.16
2151,4392537.7,4597181.16
2152,4392497.3,4597269.13
2153,4392456.9,4597269.13
2154,4392416.5,4597269.13
2155,4392376.1,4597269.13
2156,4392335.7,4597357.1
2157,4392295.3,4597357.1
2158,4392254.9,4597357.1
2159,4392214.5,4597269.13
2160,4392174.1,4597269.13
2161,4392133.7,4597181.16
2162,4392093.3,4597269.13
2163,4392093.3,4597181.16
2164,4392052.9,4597093.19
2165,4392012.5,4597093.19
2166,4391972.1,4597093.19
2167,4391931.7,4597093.19
2168,4391891.3,4597005.22
2169,4391850.9,4596917.25
2170,4391810.5,4596917.25
2171,4391770.1,4596917.25
2172,4391729.7,4596917.25
2173,4391689.3,4597005.22
2174,4391648.9,4597093.19
2175,4391648.9,4597181.16
2176,4391689.3,4597269.13
2177,4391648.9,4597269.13
2178,4391608.5,4597269.13
2179,4391568.11,4597269.13
2180,4391527.71,4597357.1
2181,4391568.11,4597445.07
2182,4391568.11,4597533.05
2183,4391608.5,4597621.02
2184,4391608.5,4597708.99
2185,4391608.5,4597796.96
2186,4391568.11,4597708.99
2187,4391527.71,4597796.96
2188,4391487.31,4597796.96
2189,4391446.91,4597884.93
2190,4391406.51,4597972.9
2191,4391366.11,4598060.87
2192,4391366.11,4598148.85
2193,4391325.71,4598148.85
2194,4391285.31,4598148.85
2195,4391244.91,4598236.82
2196,4391244.91,4598324.79
2197,4391285.31,4598412.76
2198,4391244.91,4598500.73
2199,4391285.31,4598588.7
2200,4391244.91,4598676.67
2201,4391285.31,4598764.64
2202,4391325.71,4598852.62
2203,4391366.11,4598940.59
2204,4391406.51,4599028.56
2205,4391446.91,4599028.56
2206,4391487.31,4599116.53
2207,4391527.71,4599116.53
2208,4391568.11,4599116.53
2209,4391608.5,4599116.53
2210,4391648.9,4599116.53
2211,4391689.3,4599028.56
2212,4391729.7,4599028.56
2213,4391770.1,4598940.59
2214,4391810.5,4598940.59
2215,4391850.9,4599028.56
2216,4391891.3,4599028.56
2217,4391931.7,4598940.59
2218,4391972.1,4598940.59
2219,4392012.5,4598940.59
2220,4392052.9,4598940.59
2221,4392093.3,4598940.59
2222,4392133.7,4598940.59
2223,4392174.1,4598940.59
2224,4392214.5,4598940.59
2225,4392254.9,4598940.59
2226,4392295.3,4598940.59
2227,4392335.7,4599028.56
2228,4392376.1,4599028.56
2229,4392416.5,4599028.56
2230,4392456.9,4599116.53
2231,4392497.3,4599028.56
2232,4392537.7,4599116.53
2233,4392578.1,4599116.53
2234,4392618.5,4599116.53
2235,4392658.89,4599204.5
2236,4392699.29,4599204.5
2237,4392739.69,4599204.5
2238,4392780.09,4599204.5
2239,4392820.49,4599204.5
2240,4392860.89,4599292.47
2241,4392901.29,4599380.44
2242,4392901.29,4599468.42
2243,4392901.29,4599556.39
2244,4392901.29,4599644.36
2245,4392901.29,4599732.33
2246,4392860.89,4599820.3
2247,4392860.89,4599908.27
2248,4392820.49,4599820.3
2249,4392780.09,4599908.27
2250,4392739.69,4599908.27
2251,4392699.29,4599996.24
2252,4392658.89,4599996.24
2253,4392618.5,4599996.24
2254,4392578.1,4599908.27
2255,4392537.7,4599908.27
2256,4392497.3,4599908.27
2257,4392456.9,4599908.27
2258,4392416.5,4599820.3
2259,4392416.5,4599732.33
2260,4392376.1,4599644.36
2261,4392335.7,4599644.36
2262,4392295.3,4599556.39
2263,4392254.9,4599468.42
2264,4392214.5,4599380.44
2265,4392174.1,4599380.44
2266,4392133.7,4599468.42
2267,4392133.7,4599556.39
2268,4392093.3,4599556.39
2269,4392052.9,4599556.39
2270,4392012.5,4599644.36
2271,4392012.5,4599732.33
2272,4391972.1,4599820.3
2273,4391972.1,4599908.27
2274,4391931.7,4599996.24
2275,4391891.3,4599908.27
2276,4391850.9,4599996.24
2277,4391850.9,4600084.22
2278,4391810.5,4600172.19
2279,4391770.1,4600260.16
2280,4391770.1,4600348.13
2281,4391810.5,4600436.1
2282,4391850.9,4600436.1
2283,4391891.3,4600524.07
2284,4391931.7,4600524.07
2285,4391972.1,4600524.07
2286,4392012.5,4600612.04
2287,4392052.9,4600700.02
2288,4392093.3,4600700.02
2289,4392133.7,4600700.02
2290,4392174.1,4600700.02
2291,4392214.5,4600700.02
2292,4392254.9,4600700.02
2293,4392295.3,4600700.02
2294,4392335.7,4600700.02
2295,4392376.1,4600700.02
2296,4392416.5,4600700.02
2297,4392456.9,4600787.99
2298,4392416.5,4600787.99
2299,4392376.1,4600875.96
2300,4392376.1,4600963.93
2301,4392335.7,4600963.93
2302,4392295.3,4600963.93
2303,4392254.9,4601051.9
2304,4392214.5,4601139.87
2305,4392174.1,4601227.84
2306,4392133.7,4601315.81
2307,4392133.7,4601403.79
2308,4392093.3,4601491.76
2309,4392052.9,4601403.79
2310,4392012.5,4601491.76
2311,4391972.1,4601491.76
2312,4391931.7,4601579.73
2313,4391891.3,4601579.73
2314,4391850.9,4601579.73
2315,4391810.5,4601579.73
2316,4391770.1,4601491.76
2317,4391729.7,4601491.76
2318,4391689.3,4601491.76
2319,4391648.9,4601491.76
2320,4391608.5,4601403.79
2321,4391568.11,4601315.81
2322,4391527.71,4601315.81
2323,4391487.31,4601403.79
2324,4391446.91,4601491.76
2325,4391406.51,4601579.73
2326,4391366.11,4601667.7
2327,4391325.71,4601667.7
2328,4391285.31,4601667.7
2329,4391244.91,4601755.67
2330,4391204.51,4601843.64
2331,4391244.91,4601931.61
2332,4391285.31,4601931.61
2333,4391285.31,4602019.59
2334,4391244.91,4602019.59
2335,4391204.51,4602019.59
2336,4391164.11,4602019.59
2337,4391123.71,4602019.59
2338,4391083.31,4602107.56
2339,4391042.91,4602195.53
2340,4391002.51,4602195.53
2341,4390962.11,4602195.53
2342,4390921.71,4602283.5
2343,4390881.31,4602283.5
2344,4390840.91,4602283.5
2345,4390800.51,4602283.5
2346,4390760.11,4602371.47
2347,4390719.71,4602371.47
2348,4390679.31,4602371.47
2349,4390638.91,4602283.5
2350,4390598.51,4602283.5
2351,4390558.12,4602195.53
2352,4390517.72,4602195.53
2353,4390477.32,4602107.56
2354,4390436.92,4602107.56
2355,4390396.52,4602195.53
2356,4390396.52,4602107.56
2357,4390356.12,4602019.59
2358,4390315.72,4602107.56
2359,4390275.32,4602019.59
2360,4390234.92,4602019.59
2361,4390194.52,4601931.61
2362,4390154.12,4602019.59
2363,4390113.72,4602107.56
2364,4390154.12,4602195.53
2365,4390194.52,4602283.5
2366,4390194.52,4602371.47
2367,4390194.52,4602459.44
2368,4390194.52,4602547.41
2369,4390234.92,4602635.39
2370,4390275.32,4602635.39
2371,4390275.32,4602723.36
2372,4390315.72,4602811.33
2373,4390356.12,4602811.33
2374,4390396.52,4602899.3
2375,4390436.92,4602987.27
2376,4390477.32,4602987.27
2377,4390517.72,4603075.24
2378,4390558.12,4603163.21
2379,4390598.51,4603163.21
2380,4390638.91,4603251.19
2381,4390679.31,4603251.19
2382,4390719.71,4603339.16
2383,4390760.11,4603339.16
2384,4390800.51,4603339.16
2385,4390840.91,4603427.13
2386,4390881.31,4603427.13
2387,4390921.71,4603427.13
2388,4390962.11,4603515.1
2389,4391002.51,4603515.1
2390,4391042.91,4603515.1
2391,4391083.31,4603515.1
2392,4391123.71,4603515.1
2393,4391164.11,4603515.1
2394,4391204.51,4603603.07
2395,4391244.91,4603515.1
2396,4391285.31,4603603.07
2397,4391325.71,4603515.1
2398,4391366.11,4603603.07
2399,4391406.51,4603603.07
2400,4391446.91,4603603.07
2401,4391487.31,4603603.07
2402,4391527.71,4603603.07
2403,4391568.11,4603603.07
2404,4391608.5,4603603.07
2405,4391648.9,4603603.07
2406,4391689.3,4603603.07
2407,4391729.7,4603603.07
2408,4391770.1,4603603.07
2409,4391810.5,4603603.07
2410,4391850.9,4603603.07
2411,4391891.3,4603603.07
2412,4391931.7,4603603.07
2413,4391972.1,4603603.07
2414,4392012.5,4603603.07
2415,4392052.9,4603603.07
2416,4392093.3,4603603.07
2417,4392133.7,4603603.07
2418,4392174.1,4603603.07
2419,4392214.5,4603603.07
2420,4392254.9,4603691.04
2421,4392295.3,4603691.04
2422,4392335.7,4603603.07
2423,4392335.7,4603515.1
2424,4392335.7,4603427.13
2425,4392335.7,4603339.16
2426,4392376.1,4603427.13
2427,4392376.1,4603515.1
2428,4392335.7,4603603.07
2429,4392376.1,4603691.04
2430,4392416.5,4603691.04
2431,4392456.9,4603603.07
2432,4392497.3,4603691.04
2433,4392537.7,4603691.04
2434,4392497.3,4603779.01
2435,4392497.3,4603866.98
2436,4392497.3,4603954.96
2437,4392497.3,4604042.93
2438,4392456.9,4604130.9
2439,4392416.5,4604130.9
2440,4392376.1,4604130.9
2441,4392335.7,4604218.87
2442,4392295.3,4604218.87
2443,4392254.9,4604218.87
2444,4392214.5,4604218.87
2445,4392174.1,4604306.84
2446,4392133.7,4604306.84
2447,4392093.3,4604306.84
2448,4392052.9,4604306.84
2449,4392012.5,4604306.84
2450,4391972.1,4604306.84
2451,4391931.7,4604306.84
2452,4391891.3,4604306.84
2453,4391850.9,4604306.84
2454,4391810.5,4604306.84
2455,4391770.1,4604394.81
2456,4391729.7,4604394.81
2457,4391689.3,4604394.81
2458,4391648.9,4604394.81
2459,4391608.5,4604482.78
2460,4391568.11,4604394.81
2461,4391527.71,4604394.81
2462,4391487.31,4604482.78
2463,4391446.91,4604482.78
2464,4391406.51,4604394.81
2465,4391366.11,4604394.81
2466,4391325.71,4604482.78
2467,4391285.31,4604482.78
2468,4391244.91,4604482.78
2469,4391204.51,4604482.78
2470,4391164.11,4604482.78
2471,4391123.71,4604482.78
2472,4391083.31,4604482.78
2473,4391042.91,4604482.78
2474,4391002.51,4604482.78
2475,4390962.11,4604570.76
2476,4390921.71,4604570.76
2477,4390881.31,4604570.76
2478,4390840.91,4604658.73
2479,4390800.51,4604746.7
2480,4390760.11,4604834.67
2481,4390800.51,4604922.64
2482,4390760.11,4605010.61
2483,4390760.11,4605098.58
2484,4390760.11,4605186.56
2485,4390719.71,4605274.53
2486,4390719.71,4605362.5
2487,4390719.71,4605450.47
2488,4390679.31,4605538.44
2489,4390679.31,4605626.41
2490,4390679.31,4605714.38
2491,4390679.31,4605802.36
2492,4390679.31,4605890.33
2493,4390719.71,4605978.3
2494,4390760.11,4605978.3
2495,4390800.51,4606066.27
2496,4390760.11,4606066.27
2497,4390719.71,4606154.24
2498,4390760.11,4606242.21
2499,4390800.51,4606330.18
2500,4390840.91,4606330.18
2501,4390881.31,4606418.15
2502,4390921.71,4606418.15
2503,4390962.11,4606506.13
2504,4391002.51,4606506.13
2505,4391042.91,4606506.13
2506,4391083.31,4606506.13
2507,4391123.71,4606418.15
2508,4391164.11,4606418.15
2509,4391204.51,4606506.13
2510,4391244.91,4606594.1
2511,4391285.31,4606506.13
2512,4391325.71,4606594.1
2513,4391366.11,4606682.07
2514,4391406.51,4606682.07
2515,4391446.91,4606594.1
2516,4391446.91,4606682.07
2517,4391487.31,4606770.04
2518,4391527.71,4606858.01
2519,4391568.11,4606858.01
2520,4391608.5,4606858.01
2521,4391608.5,4606945.98
2522,4391648.9,4607033.95
2523,4391689.3,4607121.93
2524,4391729.7,4607209.9
2525,4391770.1,4607209.9
2526,4391810.5,4607297.87
2527,4391850.9,4607209.9
2528,4391891.3,4607121.93
2529,4391891.3,4607209.9
2530,4391850.9,4607297.87
2531,4391850.9,4607385.84
2532,4391891.3,4607473.81
2533,4391931.7,4607473.81
2534,4391972.1,4607473.81
2535,4392012.5,4607385.84
2536,4392052.9,4607385.84
2537,4392093.3,4607297.87
2538,4392093.3,4607209.9
2539,4392133.7,4607209.9
2540,4392174.1,4607209.9
2541,4392214.5,4607209.9
2542,4392254.9,4607209.9
2543,4392295.3,4607121.93
2544,4392335.7,4607121.93
2545,4392376.1,4607033.95
2546,4392416.5,4607033.95
2547,4392456.9,4606945.98
2548,4392497.3,4606945.98
2549,4392537.7,4606858.01
2550,4392578.1,4606858.01
2551,4392618.5,4606770.04
2552,4392658.89,4606682.07
2553,4392699.29,4606682.07
2554,4392739.69,4606594.1
2555,4392780.09,4606506.13
2556,4392820.49,4606418.15
2557,4392860.89,4606418.15
2558,4392901.29,4606506.13
2559,4392941.69,4606506.13
2560,4392982.09,4606418.15
2561,4393022.49,4606330.18
2562,4393062.89,4606418.15
2563,4393103.29,4606418.15
2564,4393143.69,4606506.13
2565,4393184.09,4606418.15
2566,4393184.09,4606506.13
2567,4393184.09,4606594.1
2568,4393143.69,4606682.07
2569,4393103.29,4606770.04
2570,4393062.89,4606858.01
2571,4393022.49,4606945.98
2572,4392982.09,4607033.95
2573,4392982.09,4607121.93
2574,4392941.69,4607121.93
2575,4392901.29,4607209.9
2576,4392941.69,4607297.87
2577,4392941.69,4607385.84
2578,4392941.69,4607473.81
2579,4392941.69,4607561.78
2580,4392941.69,4607649.75
2581,4392941.69,4607737.73
2582,4392941.69,4607825.7
2583,4392901.29,4607825.7
2584,4392860.89,4607913.67
2585,4392820.49,4607825.7
2586,4392780.09,4607825.7
2587,4392739.69,4607913.67
2588,4392699.29,4607913.67
2589,4392658.89,4608001.64
2590,4392658.89,4608089.61
2591,4392658.89,4608177.58
2592,4392618.5,4608265.55
2593,4392618.5,4608353.53
2594,4392578.1,4608353.53
2595,4392537.7,4608441.5
2596,4392578.1,4608529.47
2597,4392578.1,4608617.44
2598,4392578.1,4608705.41
2599,4392537.7,4608705.41
2600,4392497.3,4608793.38
2601,4392456.9,4608881.35
2602,4392456.9,4608969.32
2603,4392456.9,4609057.3
2604,4392456.9,4609145.27
2605,4392456.9,4609233.24
2606,4392456.9,4609321.21
2607,4392456.9,4609409.18
2608,4392456.9,4609497.15
2609,4392416.5,4609585.12
2610,4392376.1,4609585.12
2611,4392335.7,4609673.1
2612,4392295.3,4609585.12
2613,4392254.9,4609585.12
2614,4392214.5,4609585.12
2615,4392174.1,4609585.12
2616,4392133.7,4609673.1
2617,4392093.3,4609673.1
2618,4392052.9,4609761.07
2619,4392093.3,4609849.04
2620,4392133.7,4609937.01
2621,4392174.1,4609849.04
2622,4392214.5,4609937.01
2623,4392214.5,4610024.98
2624,4392254.9,4610112.95
2625,4392295.3,4610200.92
2626,4392295.3,4610288.9
2627,4392335.7,4610376.87
2628,4392335.7,4610464.84
2629,4392376.1,4610552.81
2630,4392416.5,4610640.78
2631,4392416.5,4610728.75
2632,4392456.9,4610816.72
2633,4392497.3,4610816.72
2634,4392537.7,4610904.7
2635,4392578.1,4610992.67
2636,4392578.1,4611080.64
2637,4392618.5,4611168.61
2638,4392658.89,4611168.61
2639,4392699.29,4611256.58
2640,4392739.69,4611344.55
2641,4392739.69,4611432.52
2642,4392739.69,4611520.49
2643,4392739.69,4611608.47
2644,4392699.29,4611608.47
2645,4392658.89,4611608.47
2646,4392618.5,4611608.47
2647,4392578.1,4611608.47
2648,4392537.7,4611608.47
2649,4392497.3,4611608.47
2650,4392456.9,4611520.49
2651,4392416.5,4611520.49
2652,4392376.1,4611608.47
2653,4392335.7,4611608.47
2654,4392295.3,4611608.47
2655,4392254.9,4611608.47
2656,4392214.5,4611608.47
2657,4392174.1,4611608.47
2658,4392133.7,4611608.47
2659,4392093.3,4611608.47
2660,4392052.9,4611696.44
2661,4392052.9,4611784.41
2662,4392052.9,4611872.38
2663,4392052.9,4611960.35
2664,4392012.5,4612048.32
2665,4391972.1,4612136.29
2666,4391972.1,4612224.27
2667,4391931.7,4612312.24
2668,4391891.3,4612400.21
2669,4391891.3,4612488.18
2670,4391850.9,4612576.15
2671,4391850.9,4612664.12
2672,4391850.9,4612752.09
2673,4391891.3,4612840.07
2674,4391891.3,4612928.04
2675,4391891.3,4613016.01
2676,4391931.7,4613103.98
2677,4391972.1,4613191.95
2678,4391972.1,4613279.92
2679,4392012.5,4613367.89
2680,4391972.1,4613455.87
2681,4391972.1,4613543.84
2682,4391972.1,4613631.81
2683,4392012.5,4613719.78
2684,4392012.5,4613807.75
2685,4391972.1,4613895.72
2686,4391931.7,4613983.69
2687,4391891.3,4614071.66
2688,4391891.3,4614159.64
2689,4391850.9,4614159.64
2690,4391810.5,4614247.61
2691,4391810.5,4614335.58
2692,4391850.9,4614423.55
2693,4391810.5,4614423.55
2694,4391770.1,4614511.52
2695,4391729.7,4614599.49
2696,4391729.7,4614687.46
2697,4391729.7,4614775.44
2698,4391770.1,4614863.41
2699,4391770.1,4614951.38
2700,4391810.5,4615039.35
2701,4391850.9,4615039.35
2702,4391891.3,4615039.35
2703,4391891.3,4615127.32
2704,4391931.7,4615215.29
2705,4391931.7,4615303.26
2706,4391972.1,4615391.24
2707,4392012.5,4615479.21
2708,4392052.9,4615567.18
2709,4392052.9,4615655.15
2710,4392093.3,4615743.12
2711,4392133.7,4615831.09
2712,4392174.1,4615919.06
2713,4392133.7,4616007.04
2714,4392174.1,4616095.01
2715,4392174.1,4616182.98
2716,4392174.1,4616270.95
2717,4392174.1,4616358.92
2718,4392214.5,4616446.89
2719,4392214.5,4616534.86
2720,4392214.5,4616622.84
2721,4392214.5,4616710.81
2722,4392254.9,4616798.78
2723,4392254.9,4616886.75
2724,4392295.3,4616974.72
2725,4392295.3,4617062.69
2726,4392335.7,4617150.66
2727,4392376.1,4617238.63
2728,4392416.5,4617326.61
2729,4392456.9,4617414.58
2730,4392456.9,4617502.55
2731,4392497.3,4617590.52
2732,4392537.7,4617590.52
2733,4392537.7,4617678.49
2734,4392578.1,4617766.46
2735,4392618.5,4617766.46
2736,4392658.89,4617854.43
2737,4392699.29,4617766.46
2738,4392699.29,4617854.43
2739,4392739.69,4617942.41
2740,4392780.09,4617942.41
2741,4392820.49,4618030.38
2742,4392860.89,4618118.35
2743,4392901.29,4618206.32
2744,4392941.69,4618206.32
2745,4392982.09,4618294.29
2746,4393022.49,4618382.26
2747,4393062.89,4618294.29
2748,4393103.29,4618382.26
2749,4393143.69,4618470.23
2750,4393184.09,4618470.23
2751,4393224.49,4618558.21
2752,4393264.89,4618646.18
2753,4393305.29,4618646.18
2754,4393345.69,4618734.15
2755,4393386.09,4618734.15
2756,4393426.49,4618734.15
2757,4393466.89,4618822.12
2758,4393507.29,4618822.12
2759,4393547.69,4618822.12
2760,4393588.09,4618822.12
2761,4393628.49,4618822.12
2762,4393668.88,4618822.12
2763,4393709.28,4618822.12
2764,4393749.68,4618822.12
2765,4393790.08,4618822.12
2766,4393830.48,4618822.12
2767,4393870.88,4618822.12
2768,4393911.28,4618822.12
2769,4393951.68,4618822.12
2770,4393992.08,4618822.12
2771,4394032.48,4618822.12
2772,4394072.88,4618822.12
2773,4394113.28,4618822.12
2774,4394153.68,4618822.12
2775,4394194.08,4618822.12
2776,4394234.48,4618822.12
2777,4394274.88,4618822.12
2778,4394315.28,4618822.12
2779,4394355.68,4618822.12
2780,4394396.08,4618822.12
2781,4394436.48,4618822.12
2782,4394476.88,4618734.15
2783,4394517.28,4618734.15
2784,4394557.68,4618734.15
2785,4394598.08,4618734.15
2786,4394638.48,4618734.15
2787,4394678.88,4618734.15
2788,4394719.27,4618734.15
2789,4394759.67,4618734.15
2790,4394800.07,4618646.18
2791,4394840.47,4618646.18
2792,4394880.87,4618646.18
2793,4394921.27,4618646.18
2794,4394961.67,4618646.18
2795,4395002.07,4618646.18
2796,4395042.47,4618646.18
2797,4395082.87,4618646.18
2798,4395123.27,4618646.18
2799,4395163.67,4618646.18
2800,4395204.07,4618646.18
2801,4395244.47,4618646.18
2802,4395284.87,4618646.18
2803,4395325.27,4618646.18
2804,4395365.67,4618646.18
2805,4395406.07,4618646.18
2806,4395446.47,4618646.18
2807,4395486.87,4618646.18
2808,4395527.27,4618646.18
2809,4395567.67,4618646.18
2810,4395608.07,4618646.18
2811,4395648.47,4618646.18
2812,4395688.87,4618646.18
2813,4395729.27,4618646.18
2814,4395769.66,4618646.18
2815,4395810.06,4618646.18
2816,4395850.46,4618646.18
2817,4395890.86,4618646.18
2818,4395931.26,4618646.18
2819,4395971.66,4618646.18
2820,4396012.06,4618646.18
2821,4396052.46,4618646.18
2822,4396092.86,4618646.18
2823,4396133.26,4618646.18
2824,4396173.66,4618646.18
2825,4396214.06,4618646.18
2826,4396254.46,4618734.15
2827,4396294.86,4618646.18
2828,4396335.26,4618646.18
2829,4396375.66,4618734.15
2830,4396416.06,4618734.15
2831,4396456.46,4618646.18
2832,4396496.86,4618646.18
2833,4396537.26,4618646.18
2834,4396577.66,4618646.18
2835,4396618.06,4618646.18
2836,4396658.46,4618646.18
2837,4396698.86,4618646.18
2838,4396739.26,4618646.18
2839,4396779.65,4618646.18
2840,4396820.05,4618646.18
2841,4396860.45,4618646.18
2842,4396900.85,4618646.18
2843,4396941.25,4618558.21
2844,4396981.65,4618558.21
2845,4397022.05,4618558.21
2846,4397062.45,4618558.21
2847,4397102.85,4618470.23
2848,4397143.25,4618470.23
2849,4397183.65,4618470.23
2850,4397224.05,4618470.23
2851,4397264.45,4618382.26
2852,4397304.85,4618382.26
2853,4397345.25,4618294.29
2854,4397385.65,4618294.29
2855,4397426.05,4618294.29
2856,4397466.45,4618294.29
2857,4397506.85,4618206.32
2858,4397547.25,4618294.29
2859,4397587.65,4618294.29
2860,4397628.05,4618294.29
2861,4397668.45,4618206.32
2862,4397708.85,4618294.29
2863,4397749.25,4618206.32
2864,4397789.65,4618206.32
2865,4397830.04,4618206.32
2866,4397870.44,4618206.32
2867,4397910.84,4618118.35
2868,4397951.24,4618118.35
2869,4397991.64,4618118.35
2870,4398032.04,4618206.32
2871,4398072.44,4618206.32
2872,4398112.84,4618206.32
2873,4398153.24,4618206.32
2874,4398193.64,4618294.29
2875,4398193.64,4618382.26
2876,4398193.64,4618470.23
2877,4398193.64,4618558.21
2878,4398153.24,4618558.21
2879,4398112.84,4618646.18
2880,4398072.44,4618646.18
2881,4398032.04,4618734.15
2882,4397991.64,4618734.15
2883,4397951.24,4618822.12
2884,4397910.84,4618822.12
2885,4397870.44,4618910.09
2886,4397830.04,4618910.09
2887,4397789.65,4618910.09
2888,4397749.25,4618998.06
2889,4397749.25,4619086.03
2890,4397708.85,4619086.03
2891,4397668.45,4619086.03
2892,4397628.05,4619174.01
2893,4397587.65,4619174.01
2894,4397547.25,4619174.01
2895,4397506.85,4619261.98
2896,4397506.85,4619349.95
2897,4397466.45,4619349.95
2898,4397426.05,4619349.95
2899,4397385.65,4619437.92
2900,4397345.25,4619525.89
2901,4397304.85,4619525.89
2902,4397264.45,4619613.86
2903,4397224.05,4619701.83
2904,4397224.05,4619789.8
2905,4397183.65,4619789.8
2906,4397143.25,4619877.78
2907,4397143.25,4619965.75
2908,4397102.85,4620053.72
2909,4397102.85,4620141.69
2910,4397062.45,4620229.66
2911,4397102.85,4620317.63
2912,4397062.45,4620405.6
2913,4397062.45,4620493.58
2914,4397062.45,4620581.55
2915,4397062.45,4620669.52
2916,4397062.45,4620757.49
2917,4397062.45,4620845.46
2918,4397062.45,4620933.43
2919,4397062.45,4621021.4
2920,4397062.45,4621109.38
2921,4397062.45,4621197.35
2922,4397062.45,4621285.32
2923,4397062.45,4621373.29
2924,4397062.45,4621461.26
2925,4397062.45,4621549.23
2926,4397102.85,4621637.2
2927,4397143.25,4621637.2
2928,4397102.85,4621725.18
2929,4397102.85,4621813.15
2930,4397102.85,4621901.12
2931,4397143.25,4621989.09
2932,4397183.65,4621989.09
2933,4397143.25,4622077.06
2934,4397143.25,4622165.03
2935,4397143.25,4622253
2936,4397143.25,4622340.97
2937,4397143.25,4622428.95
2938,4397183.65,4622516.92
2939,4397183.65,4622604.89
2940,4397183.65,4622692.86
2941,4397183.65,4622780.83
2942,4397183.65,4622868.8
2943,4397183.65,4622956.77
2944,4397183.65,4623044.75
2945,4397183.65,4623132.72
2946,4397224.05,4623220.69
2947,4397224.05,4623308.66
2948,4397224.05,4623396.63
2949,4397224.05,4623484.6
2950,4397224.05,4623572.57
2951,4397224.05,4623660.55
2952,4397264.45,4623748.52
2953,4397264.45,4623836.49
2954,4397304.85,4623924.46
2955,4397304.85,4624012.43
2956,4397304.85,4624100.4
2957,4397304.85,4624188.37
2958,4397304.85,4624276.35
2959,4397304.85,4624364.32
2960,4397304.85,4624452.29
2961,4397304.85,4624540.26
2962,4397304.85,4624628.23
2963,4397304.85,4624716.2
2964,4397304.85,4624804.17
2965,4397304.85,4624892.14
2966,4397304.85,4624980.12
2967,4397345.25,4625068.09
2968,4397345.25,4625156.06
2969,4397345.25,4625244.03
2970,4397345.25,4625332
2971,4397345.25,4625419.97
2972,4397345.25,4625507.94
2973,4397345.25,4625595.92
2974,4397385.65,4625683.89
2975,4397385.65,4625771.86
2976,4397385.65,4625859.83
2977,4397385.65,4625947.8
2978,4397385.65,4626035.77
2979,4397426.05,4626123.74
2980,4397385.65,4626211.72
2981,4397385.65,4626299.69
2982,4397385.65,4626387.66
2983,4397385.65,4626475.63
2984,4397385.65,4626563.6
2985,4397385.65,4626651.57
2986,4397385.65,4626739.54
2987,4397385.65,4626827.52
2988,4397385.65,4626915.49
2989,4397385.65,4627003.46
2990,4397385.65,4627091.43
2991,4397385.65,4627179.4
2992,4397345.25,4627179.4
2993,4397304.85,4627179.4
2994,4397264.45,4627179.4
2995,4397224.05,4627179.4
2996,4397183.65,4627179.4
2997,4397143.25,4627091.43
2998,4397102.85,4627003.46
2999,4397062.45,4626915.49
3000,4397022.05,4626827.52
3001,4397022.05,4626739.54
3002,4396981.65,4626651.57
3003,4396941.25,4626651.57
3004,4396900.85,4626563.6
3005,4396860.45,4626475.63
3006,4396860.45,4626387.66
3007,4396820.05,4626299.69
3008,4396779.65,4626211.72
3009,4396779.65,4626123.74
3010,4396739.26,4626035.77
3011,4396698.86,4625947.8
3012,4396698.86,4625859.83
3013,4396698.86,4625771.86
3014,4396658.46,4625683.89
3015,4396698.86,4625595.92
3016,4396658.46,4625507.94
3017,4396658.46,4625419.97
3018,4396658.46,4625332
3019,4396658.46,4625244.03
3020,4396658.46,4625156.06
3021,4396658.46,4625068.09
3022,4396658.46,4624980.12
3023,4396658.46,4624892.14
3024,4396698.86,4624804.17
3025,4396698.86,4624716.2
3026,4396698.86,4624628.23
3027,4396698.86,4624540.26
3028,4396658.46,4624452.29
3029,4396658.46,4624364.32
3030,4396698.86,4624276.35
3031,4396658.46,4624188.37
3032,4396698.86,4624100.4
3033,4396698.86,4624012.43
3034,4396658.46,4623924.46
3035,4396658.46,4623836.49
3036,4396618.06,4623748.52
3037,4396577.66,4623660.55
3038,4396577.66,4623572.57
3039,4396577.66,4623484.6
3040,4396577.66,4623396.63
3041,4396577.66,4623308.66
3042,4396537.26,4623220.69
3043,4396537.26,4623132.72
3044,4396537.26,4623044.75
3045,4396496.86,4622956.77
3046,4396496.86,4622868.8
3047,4396456.46,4622780.83
3048,4396416.06,4622780.83
3049,4396416.06,4622692.86
3050,4396375.66,4622604.89
3051,4396375.66,4622516.92
3052,4396335.26,4622428.95
3053,4396335.26,4622340.97
3054,4396294.86,4622253
3055,4396294.86,4622165.03
3056,4396254.46,4622077.06
3057,4396214.06,4621989.09
3058,4396214.06,4621901.12
3059,4396173.66,4621813.15
3060,4396173.66,4621725.18
3061,4396133.26,4621637.2
3062,4396133.26,4621549.23
3063,4396133.26,4621461.26
3064,4396092.86,4621373.29
3065,4396092.86,4621285.32
3066,4396052.46,4621197.35
3067,4396012.06,4621109.38
3068,4396052.46,4621021.4
3069,4396012.06,4620933.43
3070,4395971.66,4620845.46
3071,4395931.26,4620845.46
3072,4395890.86,4620757.49
3073,4395890.86,4620669.52
3074,4395850.46,4620581.55
3075,4395810.06,4620493.58
3076,4395769.66,4620493.58
3077,4395810.06,4620405.6
3078,4395769.66,4620317.63
3079,4395729.27,4620229.66
3080,4395688.87,4620141.69
3081,4395648.47,4620141.69
3082,4395608.07,4620141.69
3083,4395567.67,4620053.72
3084,4395567.67,4619965.75
3085,4395527.27,4619877.78
3086,4395486.87,4619877.78
3087,4395446.47,4619789.8
3088,4395406.07,4619789.8
3089,4395365.67,4619789.8
3090,4395325.27,4619789.8
3091,4395284.87,4619789.8
3092,4395244.47,4619789.8
3093,4395204.07,4619789.8
3094,4395163.67,4619701.83
3095,4395123.27,4619701.83
3096,4395082.87,4619789.8
3097,4395042.47,4619789.8
3098,4395002.07,4619789.8
3099,4394961.67,4619789.8
3100,4394921.27,4619789.8
3101,4394880.87,4619789.8
3102,4394840.47,4619789.8
3103,4394800.07,4619789.8
3104,4394759.67,4619789.8
3105,4394719.27,4619877.78
3106,4394678.88,4619877.78
3107,4394638.48,4619877.78
3108,4394598.08,4619877.78
3109,4394557.68,4619877.78
3110,4394517.28,4619877.78
3111,4394476.88,4619965.75
3112,4394436.48,4619877.78
3113,4394396.08,4619877.78
3114,4394355.68,4619877.78
3115,4394315.28,4619877.78
3116,4394274.88,4619877.78
3117,4394234.48,4619877.78
3118,4394194.08,4619877.78
3119,4394153.68,4619877.78
3120,4394113.28,4619877.78
3121,4394072.88,4619877.78
3122,4394032.48,4619877.78
3123,4393992.08,4619877.78
3124,4393951.68,4619877.78
3125,4393911.28,4619877.78
3126,4393870.88,4619965.75
3127,4393830.48,4619965.75
3128,4393790.08,4619965.75
3129,4393749.68,4619965.75
3130,4393709.28,4619877.78
3131,4393668.88,4619877.78
3132,4393628.49,4619877.78
3133,4393588.09,4619877.78
3134,4393547.69,4619789.8
3135,4393507.29,4619789.8
3136,4393466.89,4619877.78
3137,4393426.49,4619789.8
3138,4393386.09,4619789.8
3139,4393345.69,4619877.78
3140,4393305.29,4619789.8
3141,4393264.89,4619701.83
3142,4393224.49,4619701.83
3143,4393184.09,4619613.86
3144,4393143.69,4619613.86
3145,4393103.29,4619613.86
3146,4393062.89,4619701.83
3147,4393062.89,4619613.86
3148,4393022.49,4619525.89
3149,4392982.09,4619525.89
3150,4392941.69,4619437.92
3151,4392901.29,4619525.89
3152,4392860.89,4619437.92
3153,4392820.49,4619525.89
3154,4392780.09,4619437.92
3155,4392739.69,4619437.92
3156,4392699.29,4619349.95
3157,4392658.89,4619437.92
3158,4392618.5,4619437.92
3159,4392578.1,4619437.92
3160,4392537.7,4619437.92
3161,4392497.3,4619437.92
3162,4392456.9,4619437.92
3163,4392416.5,4619437.92
3164,4392376.1,4619437.92
3165,4392335.7,4619349.95
3166,4392295.3,4619349.95
3167,4392254.9,4619349.95
3168,4392214.5,4619261.98
3169,4392174.1,4619261.98
3170,4392133.7,4619261.98
3171,4392093.3,4619261.98
3172,4392093.3,4619174.01
3173,4392052.9,4619086.03
3174,4392012.5,4619086.03
3175,4391972.1,4619086.03
3176,4391931.7,4618998.06
3177,4391891.3,4618998.06
3178,4391850.9,4618910.09
3179,4391810.5,4618822.12
3180,4391770.1,4618734.15
3181,4391729.7,4618734.15
3182,4391689.3,4618646.18
3183,4391648.9,4618558.21
3184,4391608.5,4618470.23
3185,4391568.11,4618470.23
3186,4391527.71,4618382.26
3187,4391487.31,4618382.26
3188,4391446.91,4618470.23
3189,4391406.51,4618558.21
3190,4391366.11,4618558.21
3191,4391325.71,4618646.18
3192,4391325.71,4618734.15
3193,4391285.31,4618646.18
3194,4391244.91,4618734.15
3195,4391204.51,4618822.12
3196,4391204.51,4618910.09
3197,4391204.51,4618998.06
3198,4391164.11,4619086.03
3199,4391123.71,4619174.01
3200,4391083.31,4619261.98
3201,4391042.91,4619349.95
3202,4391042.91,4619437.92
3203,4391083.31,4619525.89
3204,4391083.31,4619613.86
3205,4391042.91,4619525.89
3206,4391002.51,4619437.92
3207,4390962.11,4619525.89
3208,4390921.71,4619613.86
3209,4390921.71,4619701.83
3210,4390881.31,4619789.8
3211,4390881.31,4619877.78
3212,4390881.31,4619965.75
3213,4390921.71,4620053.72
3214,4390881.31,4620141.69
3215,4390881.31,4620229.66
3216,4390840.91,4620317.63
3217,4390840.91,4620405.6
3218,4390800.51,4620493.58
3219,4390760.11,4620581.55
3220,4390760.11,4620669.52
3221,4390760.11,4620757.49
3222,4390760.11,4620845.46
3223,4390760.11,4620933.43
3224,4390760.11,4621021.4
3225,4390760.11,4621109.38
3226,4390760.11,4621197.35
3227,4390760.11,4621285.32
3228,4390760.11,4621373.29
3229,4390760.11,4621461.26
3230,4390760.11,4621549.23
3231,4390760.11,4621637.2
3232,4390760.11,4621725.18
3233,4390760.11,4621813.15
3234,4390760.11,4621901.12
3235,4390760.11,4621989.09
3236,4390760.11,4622077.06
3237,4390760.11,4622165.03
3238,4390760.11,4622253
3239,4390760.11,4622340.97
3240,4390760.11,4622428.95
3241,4390760.11,4622516.92
3242,4390760.11,4622604.89
3243,4390760.11,4622692.86
3244,4390760.11,4622780.83
3245,4390760.11,4622868.8
3246,4390719.71,4622780.83
3247,4390679.31,4622868.8
3248,4390679.31,4622956.77
3249,4390638.91,4623044.75
3250,4390638.91,4623132.72
3251,4390598.51,4623220.69
3252,4390558.12,4623308.66
3253,4390517.72,4623396.63
3254,4390477.32,4623484.6
3255,4390436.92,4623484.6
3256,4390396.52,4623572.57
3257,4390396.52,4623660.55
3258,4390356.12,4623660.55
3259,4390315.72,4623660.55
3260,4390275.32,4623748.52
3261,4390234.92,4623836.49
3262,4390194.52,4623924.46
3263,4390194.52,4624012.43
3264,4390154.12,4623924.46
3265,4390113.72,4624012.43
3266,4390073.32,4624100.4
3267,4390032.92,4624188.37
3268,4389992.52,4624276.35
3269,4389952.12,4624364.32
3270,4389911.72,4624364.32
3271,4389871.32,4624452.29
3272,4389830.92,4624452.29
3273,4389790.52,4624540.26
3274,4389750.12,4624628.23
3275,4389709.72,4624716.2
3276,4389709.72,4624804.17
3277,4389709.72,4624892.14
3278,4389669.32,4624980.12
3279,4389709.72,4625068.09
3280,4389709.72,4625156.06
3281,4389709.72,4625244.03
3282,4389750.12,4625332
3283,4389750.12,4625419.97
3284,4389709.72,4625507.94
3285,4389709.72,4625595.92
3286,4389709.72,4625683.89
3287,4389709.72,4625771.86
3288,4389709.72,4625859.83
3289,4389709.72,4625947.8
3290,4389709.72,4626035.77
3291,4389669.32,4626123.74
3292,4389628.92,4626211.72
3293,4389628.92,4626299.69
3294,4389628.92,4626387.66
3295,4389628.92,4626475.63
3296,4389628.92,4626563.6
3297,4389628.92,4626651.57
3298,4389588.52,4626651.57
3299,4389588.52,4626563.6
3300,4389588.52,4626475.63
3301,4389548.12,4626387.66
3302,4389507.73,4626475.63
3303,4389467.33,4626387.66
3304,4389426.93,4626475.63
3305,4389386.53,4626475.63
3306,4389346.13,4626563.6
3307,4389305.73,4626651.57
3308,4389305.73,4626739.54
3309,4389265.33,4626651.57
3310,4389224.93,4626739.54
3311,4389184.53,4626827.52
3312,4389144.13,4626915.49
3313,4389103.73,4627003.46
3314,4389063.33,4627091.43
3315,4389022.93,4627091.43
3316,4388982.53,4627091.43
3317,4388942.13,4627179.4
3318,4388901.73,4627091.43
3319,4388861.33,4627179.4
3320,4388820.93,4627179.4
3321,4388780.53,4627179.4
3322,4388740.13,4627179.4
3323,4388699.73,4627179.4
3324,4388659.33,4627179.4
3325,4388618.93,4627179.4
3326,4388578.53,4627179.4
3327,4388538.13,4627179.4
3328,4388497.73,4627179.4
3329,4388457.34,4627179.4
3330,4388416.94,4627179.4
3331,4388376.54,4627179.4
3332,4388336.14,4627267.37
3333,4388295.74,4627267.37
3334,4388255.34,4627267.37
3335,4388214.94,4627267.37
3336,4388174.54,4627267.37
3337,4388134.14,4627267.37
3338,4388093.74,4627355.34
3339,4388053.34,4627355.34
3340,4388012.94,4627443.31
3341,4387972.54,4627355.34
3342,4387932.14,4627355.34
3343,4387891.74,4627443.31
3344,4387851.34,4627443.31
3345,4387810.94,4627443.31
3346,4387770.54,4627443.31
3347,4387730.14,4627443.31
3348,4387689.74,4627443.31
3349,4387649.34,4627531.29
3350,4387608.94,4627531.29
3351,4387568.54,4627531.29
3352,4387528.14,4627619.26
3353,4387487.74,4627619.26
3354,4387447.35,4627707.23
3355,4387406.95,4627707.23
3356,4387366.55,4627707.23
3357,4387326.15,4627795.2
3358,4387326.15,4627883.17
3359,4387285.75,4627883.17
3360,4387245.35,4627883.17
3361,4387204.95,4627971.14
3362,4387164.55,4628059.11
3363,4387124.15,4628147.09
3364,4387083.75,4628235.06
3365,4387043.35,4628235.06
3366,4387002.95,4628323.03
3367,4386962.55,4628411
3368,4386922.15,4628411
3369,4386881.75,4628411
3370,4386841.35,4628411
3371,4386800.95,4628411
3372,4386760.55,4628411
3373,4386720.15,4628411
3374,4386679.75,4628411
3375,4386639.35,4628411
3376,4386598.95,4628411
3377,4386558.55,4628411
3378,4386518.15,4628411
3379,4386477.75,4628411
3380,4386437.35,4628411
3381,4386396.96,4628411
3382,4386356.56,4628411
3383,4386316.16,4628411
3384,4386275.76,4628411
3385,4386235.36,4628411
3386,4386194.96,4628411
3387,4386154.56,4628411
3388,4386114.16,4628411
3389,4386073.76,4628411
3390,4386033.36,4628411
3391,4385992.96,4628411
3392,4385952.56,4628411
3393,4385912.16,4628411
3394,4385871.76,4628411
3395,4385831.36,4628411
3396,4385790.96,4628411
3397,4385750.56,4628411
3398,4385710.16,4628411
3399,4385669.76,4628411
3400,4385629.36,4628411
3401,4385588.96,4628411
3402,4385548.56,4628411
3403,4385508.16,4628411
3404,4385467.76,4628411
3405,4385427.36,4628411
3406,4385386.96,4628411
3407,4385346.57,4628411
3408,4385306.17,4628411
3409,4385265.77,4628411
3410,4385225.37,4628411
3411,4385184.97,4628411
