map_number,well_id,lat_deg,lon_deg,x_km,y_km,K_ft_per_d,K_m_per_d,log_K,K_min_ft,K_max_ft,T_m2_per_d,aquifer_thickness_m,aquifer_thickness_ft,n_tests,USGS_class,class_id,aquifer,rho,A_rating,I_rating,D_rating,R_rating,S_rating,T_rating,C_rating,V_DRASTIC,sigma2_BLUE,I_Fisher,VI,logVI
1,MS_BP-03a,33.4206,-90.8357,701.2341,3700.0102,106,32.309,1.5093,58,160,1355.64,42.06,138,11,GRAVEL,3,MRVA,0.22,9,8,7,8,4,10,6,170,0.001275697,783.885495,133260.5341,11.80006139
2,MS_BP-03b,33.4206,-90.8357,701.2341,3700.0102,80,24.384,1.3871,38,126,1029.46,42.06,138,12,SAND_GRAVEL,2,MRVA,0.38,8,8,7,8,4,10,4,161,0.001434241,697.2327565,112254.4738,11.62852366
3,MS_BP-04a,33.2816,-90.8372,701.4147,3684.5925,156,47.549,1.6771,111,189,1996.3,42.06,138,14,GRAVEL,3,MRVA,0.22,9,8,7,8,4,10,8,176,0.001275697,783.885495,137963.8471,11.83474695
4,MS_BP-04b,33.2816,-90.8372,701.4147,3684.5925,65,19.812,1.2969,44,77,833.8,42.06,138,16,SAND_GRAVEL,2,MRVA,0.38,8,8,7,8,4,10,4,161,0.001434241,697.2327565,112254.4738,11.62852366
5,MS_OW-01,33.5931,-90.301,750.4651,3720.3067,199,60.655,1.7829,141,282,2563.75,42.37,139,12,GRAVEL_COARSE,4,MRVA,0.12,9,9,7,8,4,10,8,181,0.001174289,851.5788541,154135.7726,11.94558913
6,MS_OW-02,33.5972,-90.295,751.0102,3720.776,109,33.223,1.5214,90,139,1419.74,42.98,141,12,GRAVEL,3,MRVA,0.22,9,8,7,8,4,10,6,170,0.001275697,783.885495,133260.5341,11.80006139
7,MS-OW-03,33.5965,-90.301,750.4553,3720.6838,23,7.01,0.8457,15,27,298.78,42.37,139,12,SAND_FINE,1,MRVA,0.55,7,7,7,8,4,10,2,147,0.001593113,627.7020612,92272.203,11.43249822
8,MS-OW-04,33.5811,-90.3036,750.2585,3718.9694,90,27.432,1.4383,67,106,1175.59,42.98,141,12,SAND_GRAVEL,2,MRVA,0.38,8,8,7,8,4,10,4,161,0.001434241,697.2327565,112254.4738,11.62852366
9,MS_OW-05,33.6035,-90.2744,752.9039,3721.525,106,32.309,1.5093,92,128,1361.87,42.06,138,12,GRAVEL,3,MRVA,0.22,9,8,7,8,4,10,6,170,0.001275697,783.885495,133260.5341,11.80006139
10,MS_OW-06,33.603,-90.2708,753.2395,3721.4783,226,68.885,1.8381,147,307,2870.52,41.76,137,12,GRAVEL_COARSE,4,MRVA,0.12,9,9,7,8,4,10,8,181,0.001174289,851.5788541,154135.7726,11.94558913
11,MS_OW-08,33.603,-90.2651,753.7686,3721.4923,84,25.603,1.4083,49,118,1071.17,41.76,137,12,SAND_GRAVEL,2,MRVA,0.38,8,8,7,8,4,10,4,161,0.001434241,697.2327565,112254.4738,11.62852366
12,MS_OW-09,33.6059,-90.2707,753.2403,3721.8002,89,27.127,1.4334,54,121,1077.49,39.62,130,12,SAND_GRAVEL,2,MRVA,0.38,8,8,7,8,4,10,4,161,0.001434241,697.2327565,112254.4738,11.62852366
13,MS_OW-10,33.6001,-90.2715,753.183,3721.1549,80,24.384,1.3871,50,111,1014.97,41.76,137,8,SAND_GRAVEL,2,MRVA,0.38,8,8,7,8,4,10,4,161,0.001434241,697.2327565,112254.4738,11.62852366
14,MS_OW-12,33.6005,-90.2346,756.6069,3721.2902,5,1.524,0.183,4,6,61.87,39.93,131,12,CLAY_SILT,0,MRVA,0.72,4,3,7,8,4,10,1,115,0.001725596,579.5100269,66643.6531,11.10711509
15,MS_OW-13,33.5959,-90.3127,749.371,3720.589,103,31.394,1.4969,31,222,1297.3,41.15,135,12,GRAVEL,3,MRVA,0.22,9,8,7,8,4,10,6,170,0.001275697,783.885495,133260.5341,11.80006139
16,MS_OW-14,33.6087,-90.3068,749.8817,3722.023,190,57.912,1.7628,122,254,2343.11,40.54,133,12,GRAVEL_COARSE,4,MRVA,0.12,9,9,7,8,4,10,8,181,0.001174289,851.5788541,154135.7726,11.94558913
17,MS_QV-01a,33.6348,-90.4013,741.0386,3724.6935,144,43.891,1.6424,47,241,1832.23,41.76,137,16,GRAVEL,3,MRVA,0.22,9,8,7,8,4,10,8,176,0.001275697,783.885495,137963.8471,11.83474695
18,MS_SF-02a,33.6399,-90.5353,728.5931,3724.9547,90,27.432,1.4383,63,113,1030.94,37.8,124,12,SAND_GRAVEL,2,MRVA,0.38,8,8,7,8,4,10,4,161,0.001434241,697.2327565,112254.4738,11.62852366
19,MS_SF-02b,33.64,-90.5354,728.5835,3724.9656,67,20.422,1.3101,40,89,768.59,37.8,124,12,SAND_GRAVEL,2,MRVA,0.38,8,8,7,8,4,10,4,161,0.001434241,697.2327565,112254.4738,11.62852366
20,MS_YB-06a,33.5542,-90.1813,761.6941,3716.288,72,21.946,1.3413,54,99,709.78,32.31,106,12,SAND_GRAVEL,2,MRVA,0.38,8,8,7,8,4,10,4,161,0.001434241,697.2327565,112254.4738,11.62852366
21,MS_YB-06b,33.5542,-90.1813,761.6941,3716.288,28,8.534,0.9312,18,33,275.18,32.31,106,11,SAND_FINE,1,MRVA,0.55,7,7,7,8,4,10,2,147,0.001593113,627.7020612,92272.203,11.43249822
22,MS_YZ-07a,32.6789,-90.5429,730.3895,3618.359,90,27.432,1.4383,56,110,828.14,30.18,99,12,SAND_GRAVEL,2,MRVA,0.38,8,8,7,8,4,10,4,161,0.001434241,697.2327565,112254.4738,11.62852366
23,MS_YZ-07b,32.6789,-90.5429,730.3895,3618.359,14,4.267,0.6301,10,21,125.33,30.18,99,16,SAND_FINE,1,MRVA,0.55,7,7,7,8,4,10,2,147,0.001593113,627.7020612,92272.203,11.43249822
24,AR_ANRC_027N,34.4314,-91.3808,648.7767,3811.1793,178,54.254,1.7344,157,186,2357.23,43.28,142,9,GRAVEL_COARSE,4,MRVA,0.12,9,9,7,8,4,10,8,181,0.001174289,851.5788541,154135.7726,11.94558913
25,AR_ANRC_028,34.4417,-91.5019,637.6318,3812.1503,61,18.593,1.2693,6,143,759.57,40.54,133,13,SAND_GRAVEL,2,MRVA,0.38,8,8,7,8,4,10,4,161,0.001434241,697.2327565,112254.4738,11.62852366
26,AR_ANRC_029,33.8211,-91.3069,656.6899,3743.609,98,29.87,1.4752,63,140,1016.54,33.83,111,11,GRAVEL,3,MRVA,0.22,9,8,7,8,4,10,6,170,0.001275697,783.885495,133260.5341,11.80006139
27,AR_ANRC_030,33.6956,-91.4783,641.0314,3729.4447,182,55.474,1.7441,91,426,1613.45,28.96,95,15,GRAVEL_COARSE,4,MRVA,0.12,9,9,7,8,4,10,8,181,0.001174289,851.5788541,154135.7726,11.94558913
28,AR_ANRC_037N,34.6942,-91.095,674.4901,3840.7833,95,28.956,1.4617,41,243,1197.24,41.45,136,13,GRAVEL,3,MRVA,0.22,9,8,7,8,4,10,6,170,0.001275697,783.885495,133260.5341,11.80006139
29,AR_ANRC_039,34.7803,-91.55,632.6726,3849.6374,88,26.822,1.4285,62,107,1218.52,45.72,150,8,SAND_GRAVEL,2,MRVA,0.38,8,8,7,8,4,10,4,161,0.001434241,697.2327565,112254.4738,11.62852366
30,AR_ANRC_041S,34.7831,-91.4936,637.8288,3850.0239,15,4.572,0.6601,14,17,213.96,46.33,152,12,SAND_FINE,1,MRVA,0.55,7,7,7,8,4,10,2,147,0.001593113,627.7020612,92272.203,11.43249822
31,AR_ANRC_042,34.9597,-91.1336,670.406,3870.1646,155,47.244,1.6743,109,196,2047.3,43.28,142,6,GRAVEL,3,MRVA,0.22,9,8,7,8,4,10,8,176,0.001275697,783.885495,137963.8471,11.83474695
32,AR_ANRC_001,35.275,-90.3258,743.2356,3906.8197,126,38.405,1.5844,88,149,1706.54,44.5,146,16,GRAVEL,3,MRVA,0.22,9,8,7,8,4,10,6,170,0.001275697,783.885495,133260.5341,11.80006139
33,AR_ANRC_003,35.54,-90.4461,731.5313,3935.9303,82,24.994,1.3978,65,97,1238.4,49.68,163,16,SAND_GRAVEL,2,MRVA,0.38,8,8,7,8,4,10,4,161,0.001434241,697.2327565,112254.4738,11.62852366
34,AR_ANRC_007,35.2522,-90.8536,695.2751,3903.1234,111,33.833,1.5293,50,148,1731.62,50.9,167,15,GRAVEL,3,MRVA,0.22,9,8,7,8,4,10,6,170,0.001275697,783.885495,133260.5341,11.80006139
35,AR_ANRC_009,36.0753,-90.6547,711.1934,3994.8464,3,0.914,-0.0389,2,4,26.48,29.57,97,4,CLAY_SILT,0,MRVA,0.72,4,3,7,8,4,10,1,115,0.001725596,579.5100269,66643.6531,11.10711509
36,AR_ANRC_014,35.6278,-90.3006,744.4579,3946.0233,68,20.726,1.3165,34,92,1029.92,49.99,164,12,SAND_GRAVEL,2,MRVA,0.38,8,8,7,8,4,10,4,161,0.001434241,697.2327565,112254.4738,11.62852366
37,AR_ANRC_016,35.1622,-91.065,676.2342,3892.7449,20,6.096,0.785,16,22,343.65,56.39,185,16,SAND_FINE,1,MRVA,0.55,7,7,7,8,4,10,2,147,0.001593113,627.7020612,92272.203,11.43249822
38,AR_ANRC_017,35.3578,-91.3219,652.4671,3914.0152,40,12.192,1.0861,15,49,482.45,39.62,130,12,SAND_GRAVEL,2,MRVA,0.38,8,8,7,8,4,10,4,161,0.001434241,697.2327565,112254.4738,11.62852366
39,AR_USDA_1N,35.6381,-90.8536,694.3446,3945.9313,4,1.219,0.0861,4,5,58.71,44.2,145,12,CLAY_SILT,0,MRVA,0.72,4,3,7,8,4,10,1,115,0.001725596,579.5100269,66643.6531,11.10711509
40,AR_USDA_1S,35.638,-90.8536,694.3449,3945.9202,3,0.914,-0.0389,2,4,41.16,44.2,145,16,CLAY_SILT,0,MRVA,0.72,4,3,7,8,4,10,1,115,0.001725596,579.5100269,66643.6531,11.10711509
41,AR_USGS_001,35.821,-90.8568,693.6114,3966.2149,29,8.839,0.9464,22,32,323.49,36.88,121,12,SAND_FINE,1,MRVA,0.55,7,7,7,8,4,10,2,147,0.001593113,627.7020612,92272.203,11.43249822
42,AR_USGS_002,35.4572,-90.8754,692.8033,3925.8209,34,10.363,1.0155,18,45,646.88,61.87,203,13,SAND_FINE,1,MRVA,0.55,7,7,7,8,4,10,2,147,0.001593113,627.7020612,92272.203,11.43249822
43,AR_USGS_CR-03a,35.2181,-91.2427,659.9384,3898.6447,252,76.81,1.8854,155,379,4694.2,61.26,201,12,GRAVEL_COARSE,4,MRVA,0.12,9,9,7,8,4,10,8,181,0.001174289,851.5788541,154135.7726,11.94558913
44,AR_USGS_CR-03b,35.2181,-91.2427,659.9384,3898.6447,401,122.225,2.0872,227,649,7484.17,61.26,201,16,GRAVEL_COARSE,4,MRVA,0.12,9,9,7,8,4,10,10,187,0.001174289,851.5788541,159245.2457,11.97820072
